FOODID;FOODNAME;FOODTYPE;PROCESS;EDPORT;IGCLASS;IGCLASSP;FUCLASS;FUCLASSP
1;SOKERI;FOOD;IND;100;SUGARSYR;SUGARTOT;SUGADD;SUGARTOT
2;FRUKTOOSI, HEDELMÄSOKERI;FOOD;IND;100;SUGARSYR;SUGARTOT;SUGADD;SUGARTOT
3;SIIRAPPI;FOOD;IND;100;SUGARSYR;SUGARTOT;SUGADD;SUGARTOT
4;HUNAJA;FOOD;RAW;100;SUGARSYR;SUGARTOT;SUGADD;SUGARTOT
5;MAKEINEN, KARAMELLI;FOOD;IND;100;SWEET;SUGARTOT;SWEET;SUGARTOT
6;SUKLAA, KESKIARVO, MAITO-, TUMMA-, VALKO-;FOOD;IND;100;CHOCOLAT;SUGARTOT;CHOCOL;SUGARTOT
7;SUKLAAKONVEHTI, MARMELADITÄYTE;FOOD;IND;100;CHOCOLAT;SUGARTOT;CHOCOL;SUGARTOT
8;LAKRITSI;FOOD;IND;100;SWEET;SUGARTOT;SWEET;SUGARTOT
9;MAKEINEN, MARMELADIMAKEINEN;FOOD;IND;100;SWEET;SUGARTOT;SWEET;SUGARTOT
10;MARSIPAANI, MANTELIMASSA;FOOD;IND;100;SWEET;SUGARTOT;SWEET;SUGARTOT
11;MAKEINEN, TOFFEE;FOOD;IND;100;SWEET;SUGARTOT;SWEET;SUGARTOT
12;MAKEINEN, SALMIAKKIPASTILLI;FOOD;IND;100;SWEET;SUGARTOT;SWEET;SUGARTOT
14;SUKLAAPATUKKA SUKLAINEN, KESKIARVO;FOOD;IND;100;CHOCOLAT;SUGARTOT;CHOCOL;SUGARTOT
20;KAAKAOJAUHE, EI LISÄTTYÄ SOKERIA;FOOD;IND;100;INGRMIS;INGRTOT;INGRMISC;MISCTOT
21;KAAKAOJAUHE, SOKEROITU;FOOD;IND;100;INGRMIS;INGRTOT;INGRMISC;MISCTOT
24;SORBITOLI;FOOD;IND;100;SWEAGE;INGRTOT;INGRMISC;MISCTOT
25;LIIVATE;FOOD;X;100;INGRMIS;INGRTOT;INGRMISC;MISCTOT
26;HIIVA, TUORE;FOOD;X;100;INGRMIS;INGRTOT;INGRMISC;MISCTOT
27;JAUHO, MAISSITÄRKKELYS;FOOD;IND;100;STARCH;CERTOT;INGRMISC;MISCTOT
28;SINAPPI;FOOD;IND;100;FLAVSAUC;FLAVTOT;SPISAUCE;MISCTOT
30;RUOKASUOLA, JODIOITU;FOOD;IND;100;SALT;INGRTOT;SPICES;MISCTOT
31;MAUSTEKASTIKE, SOIJAKASTIKE;FOOD;IND;100;FLAVSAUC;FLAVTOT;SPISAUCE;MISCTOT
32;SUKLAA, TUMMA;FOOD;IND;100;CHOCOLAT;SUGARTOT;CHOCOL;SUGARTOT
33;SUKLAA, MAITOSUKLAA;FOOD;IND;100;CHOCOLAT;SUGARTOT;CHOCOL;SUGARTOT
34;HALVA SEESAMSIEMENVALMISTE;FOOD;IND;100;SWEET;SUGARTOT;SWEET;SUGARTOT
35;MAKEINEN, SOKERITON;FOOD;IND;100;SWEET;SUGARTOT;SWEET;SUGARTOT
36;MINERAALISUOLA, KESKIARVO;FOOD;IND;100;SALT;INGRTOT;SPICES;MISCTOT
37;SUKLAA, SOKERITON, KEINOTEKOISESTI MAKEUTETTU;FOOD;IND;100;CHOCOLAT;SUGARTOT;CHOCOL;SUGARTOT
38;LIHALIEMIJAUHE/TIIVISTE;FOOD;IND;100;INGRMIS;INGRTOT;INGRMISC;MISCTOT
39;MAKEUTUSAINE, ASPARTAAMI, JAUHE;FOOD;IND;100;SWEAGE;INGRTOT;INGRMISC;MISCTOT
40;VÄLIPALAPATUKKA, KUITUINEN;FOOD;IND;100;CERBAR;CERTOT;CERBAR;CEBAKTOT
43;RUISMALLAS;FOOD;DRIE;100;INGRMIS;INGRTOT;INGRMISC;MISCTOT
44;SUKLAAPATUKKA TÄYTESUKLAA, KESKIARVO;FOOD;IND;100;CHOCOLAT;SUGARTOT;CHOCOL;SUGARTOT
62;KSYLITOLIPASTILLI;FOOD;IND;100;SWEET;SUGARTOT;SWEET;SUGARTOT
63;SUKLAAPATUKKA VÄHÄRASVAINEN;FOOD;IND;100;CHOCOLAT;SUGARTOT;CHOCOL;SUGARTOT
65;KSYLITOLIPURUKUMI;FOOD;IND;100;SWEET;SUGARTOT;SWEET;SUGARTOT
66;PURUKUMI;FOOD;IND;100;SWEET;SUGARTOT;SWEET;SUGARTOT
68;OHRATÄRKKELYS;FOOD;IND;100;STARCH;CERTOT;FLOUR;CEBAKTOT
69;HEDELMÄPASTILLI, ARABIKUMIPASTILLI;FOOD;IND;100;SWEET;SUGARTOT;SWEET;SUGARTOT
70;MAKEUTUSAINE, HERMESETAS, SAKARIINI;FOOD;IND;100;SWEAGE;INGRTOT;INGRMISC;MISCTOT
73;JOGURTTIRUSINA/JOGURTTIHEDELMÄ, KUORRUTETTU KUIVATTU HEDELMÄ;FOOD;IND;100;FRUITOTH;FRUITTOT;SNACKVEG;SNACKTOT
74;LEIVINJAUHE;FOOD;DRIE;100;INGRMIS;INGRTOT;INGRMISC;MISCTOT
75;KALALIEMI, LAIMENNETTU;FOOD;IND;100;FLAVSAUC;FLAVTOT;SAVSAUCE;MISCTOT
79;RUOKASUOLA, JODIOIMATON, VUORISUOLA;FOOD;RAW;100;SALT;INGRTOT;SPICES;MISCTOT
100;JAUHO, RUISJAUHO, TÄYSJYVÄJAUHO;FOOD;RAW;100;RYE;CERTOT;FLOUR;CEBAKTOT
103;RUISHIUTALE;FOOD;RAW;100;RYE;CERTOT;FLOUR;CEBAKTOT
110;JAUHO, VEHNÄJAUHO, PUOLIKARKEA;FOOD;RAW;100;WHEAT;CERTOT;FLOUR;CEBAKTOT
111;JAUHO, GRAHAMJAUHO;FOOD;RAW;100;WHEAT;CERTOT;FLOUR;CEBAKTOT
112;MANNASUURIMO;FOOD;RAW;100;WHEAT;CERTOT;FLOUR;CEBAKTOT
113;MANNASUURIMO, TUMMA;FOOD;RAW;100;WHEAT;CERTOT;FLOUR;CEBAKTOT
114;VEHNÄHIUTALE;FOOD;RAW;100;WHEAT;CERTOT;FLOUR;CEBAKTOT
115;VEHNÄNALKIO;FOOD;RAW;100;WHEAT;CERTOT;FLOUR;CEBAKTOT
116;LESE, VEHNÄLESE;FOOD;RAW;100;WHEAT;CERTOT;FLOUR;CEBAKTOT
117;MAKARONI, PASTA;FOOD;RAW;100;WHEAT;CERTOT;PASTAADD;CEBAKTOT
119;MAKARONI, TUMMA;FOOD;RAW;100;WHEAT;CERTOT;PASTAADD;CEBAKTOT
120;NUUDELI, VEHNÄNUUDELI;FOOD;RAW;100;WHEAT;CERTOT;PASTAADD;CEBAKTOT
121;PASTA, SPAGETTI, MAKARONI;FOOD;RAW;100;WHEAT;CERTOT;PASTAADD;CEBAKTOT
124;JAUHO, HIIVALEIPÄVEHNÄJAUHO;FOOD;RAW;100;WHEAT;CERTOT;FLOUR;CEBAKTOT
125;JAUHO, JAUHOSEOS, SÄMPYLÄJAUHO, VEHNÄJAUHO, RUISJAUHO, VEHNÄROUHE;FOOD;MIX;100;WHEAT;CERTOT;FLOUR;CEBAKTOT
126;JAUHO, KORPPUJAUHO;FOOD;RAW;100;WHEAT;CERTOT;FLOUR;CEBAKTOT
133;VOHVELIKUORI, JÄÄTELÖVOHVELI;FOOD;BAK;100;WHEAT;CERTOT;BISCUSWE;CEBAKTOT
142;JAUHO, VEHNÄJAUHO, LEIPOMOTEOLLISUUS, VASTAJAUHETTU;FOOD;RAW;100;WHEAT;CERTOT;FLOUR;CEBAKTOT
150;JAUHO, OHRAJAUHO;FOOD;RAW;100;BARLEY;CERTOT;FLOUR;CEBAKTOT
151;OHRASUURIMO;FOOD;RAW;100;BARLEY;CERTOT;FLOUR;CEBAKTOT
152;OHRAHIUTALE;FOOD;RAW;100;BARLEY;CERTOT;FLOUR;CEBAKTOT
153;KAURAHIUTALE;FOOD;RAW;100;OAT;CERTOT;FLOUR;CEBAKTOT
154;JAUHO, JAUHOSEOS, TALKKUNAJAUHO, SISÄLTÄÄ OHRAA;FOOD;RAW;100;CEROTH;CERTOT;FLOUR;CEBAKTOT
156;RIISI PUUROUTUVA;FOOD;RAW;100;RICE;CERTOT;RICEADD;CEBAKTOT
158;TÄYSJYVÄRIISI;FOOD;RAW;100;RICE;CERTOT;RICEADD;CEBAKTOT
160;JAUHO, HIRSSISUURIMO TAI -JAUHO;FOOD;RAW;100;CEROTH;CERTOT;FLOUR;CEBAKTOT
161;JAUHO, TATTARISUURIMO TAI -JAUHO;FOOD;RAW;100;CEROTH;CERTOT;FLOUR;CEBAKTOT
162;JAUHO, PERUNAJAUHO TAI -SUURIMO, PERUNATÄRKKELYS;FOOD;RAW;100;STARCH;CERTOT;FLOUR;CEBAKTOT
167;MAISSI, JYVÄ, KUIVATTU;FOOD;DRIE;100;CEROTH;CERTOT;FLOUR;CEBAKTOT
168;KALJA- / MÄMMIMALLAS;FOOD;DRIE;100;RYE;CERTOT;INGRMISC;MISCTOT
170;LESE, KAURALESE;FOOD;RAW;100;OAT;CERTOT;FLOUR;CEBAKTOT
172;PASTA, PINAATTISPAGETTI, SISÄLTÄÄ KANANMUNAA;FOOD;RAW;100;WHEAT;CERTOT;PASTAADD;CEBAKTOT
173;KAURAMAKARONI, SISÄLTÄÄ VEHNÄÄ JA KAURAA;FOOD;RAW;100;WHEAT;CERTOT;PASTAADD;CEBAKTOT
175;ROUHE, VEHNÄROUHE KOKOJYVÄSTÄ;FOOD;RAW;100;WHEAT;CERTOT;FLOUR;CEBAKTOT
176;ROUHE, RUISROUHE;FOOD;RAW;100;RYE;CERTOT;FLOUR;CEBAKTOT
182;JAUHO, RIISIJAUHO, RIISIHIUTALE;FOOD;RAW;100;RICE;CERTOT;FLOUR;CEBAKTOT
183;JAUHO, TÄYSJYVÄRIISIJAUHO;FOOD;RAW;100;RICE;CERTOT;FLOUR;CEBAKTOT
184;MAISSILASTU, TACOKUORI;FOOD;IND;100;CEROTH;CERTOT;SNACKSAV;SNACKTOT
185;JAUHO, JAUHOSEOS, GLUTEENITON, VEHNÄTÄRKKELYSTÄ;FOOD;MIX;100;CEROTH;CERTOT;FLOUR;CEBAKTOT
189;JAUHO, JAUHOSEOS, RUIS-VEHNÄ;FOOD;MIX;100;RYE;CERTOT;FLOUR;CEBAKTOT
202;PERUNA, KUIVATTU;FOOD;DRIE;100;POTAPROD;POTATOT;POTACOOK;POTATOT
203;PERUNALASTU;FOOD;IND;100;POTAPROD;POTATOT;SNACKSAV;SNACKTOT
204;PERUNA, UUSI;FOOD;RAW;100;POTATO;POTATOT;POTACOOK;POTATOT
205;PERUNA, VANHA, KUORITTU;FOOD;RAW;100;POTATO;POTATOT;POTACOOK;POTATOT
206;PERUNASOSEJAUHE, VALMISTAMATON;FOOD;DRIE;100;POTAPROD;POTATOT;INGRMISC;MISCTOT
207;RANSKANPERUNAVALMISTE, PAKASTE;FOOD;FROZ;100;POTAPROD;POTATOT;POTAFRIE;POTATOT
209;PERUNAHIUTALE;FOOD;DRIE;100;POTAPROD;POTATOT;INGRMISC;MISCTOT
300;PORKKANA;FOOD;RAW;100;ROOT;VEGTOT;VEGFRESH;VEGDITOT
302;PORKKANA, KUIVATTU;FOOD;DRIE;100;ROOT;VEGTOT;VEGFRESH;VEGDITOT
303;LANTTU;FOOD;RAW;100;ROOT;VEGTOT;VEGFRESH;VEGDITOT
304;NAURIS;FOOD;RAW;100;ROOT;VEGTOT;VEGFRESH;VEGDITOT
305;PUNAJUURI;FOOD;RAW;100;ROOT;VEGTOT;VEGFRESH;VEGDITOT
307;ETIKKAPUNAJUURI;FOOD;CANN;100;VEGCANN;VEGTOT;VEGCANN;VEGDITOT
308;RETIISI;FOOD;RAW;100;ROOT;VEGTOT;VEGFRESH;VEGDITOT
309;PALSTERNAKKA;FOOD;RAW;100;ROOT;VEGTOT;VEGFRESH;VEGDITOT
310;MAA-ARTISOKKA;FOOD;RAW;100;ROOT;VEGTOT;VEGFRESH;VEGDITOT
311;JUURISELLERI, MUKULASELLERI;FOOD;RAW;100;ROOT;VEGTOT;VEGFRESH;VEGDITOT
312;MUSTAJUURI;FOOD;RAW;100;ROOT;VEGTOT;VEGFRESH;VEGDITOT
320;VALKOKAALI, KERÄKAALI;FOOD;RAW;100;CABBAGE;VEGTOT;VEGFRESH;VEGDITOT
321;PUNAKAALI;FOOD;RAW;100;CABBAGE;VEGTOT;VEGFRESH;VEGDITOT
322;KUKKAKAALI;FOOD;RAW;100;CABBAGE;VEGTOT;VEGFRESH;VEGDITOT
324;PARSAKAALI, BROKKOLI;FOOD;RAW;100;CABBAGE;VEGTOT;VEGFRESH;VEGDITOT
326;LEHTIKAALI;FOOD;RAW;100;CABBAGE;VEGTOT;VEGFRESH;VEGDITOT
327;RUUSUKAALI;FOOD;RAW;100;CABBAGE;VEGTOT;VEGFRESH;VEGDITOT
329;KYSSÄKAALI, KAALIRAPI;FOOD;RAW;100;CABBAGE;VEGTOT;VEGFRESH;VEGDITOT
330;LEHTISALAATTI, RUUKKUSALAATTI, LOLLO ROSSO;FOOD;RAW;100;VEGLEAF;VEGTOT;VEGFRESH;VEGDITOT
331;JÄÄVUORISALAATTI, RAPEA KERÄSALAATTI, AMERIKANSALAATTI;FOOD;RAW;100;VEGLEAF;VEGTOT;VEGFRESH;VEGDITOT
333;PERSILJA;FOOD;RAW;100;VEGLEAF;VEGTOT;VEGFRESH;VEGDITOT
334;NOKKONEN;FOOD;RAW;100;VEGLEAF;VEGTOT;VEGFRESH;VEGDITOT
335;SIPULI, KELTASIPULI;FOOD;RAW;100;VEGONI;VEGTOT;VEGFRESH;VEGDITOT
336;SIPULI, KUIVATTU SIPULILASTU;FOOD;DRIE;100;VEGONI;VEGTOT;VEGFRESH;VEGDITOT
337;PURJOSIPULI;FOOD;RAW;100;VEGONI;VEGTOT;VEGFRESH;VEGDITOT
338;RAPARPERI;FOOD;RAW;100;VEGLEAF;VEGTOT;VEGFRESH;VEGDITOT
339;LEHTISELLERI, VARSISELLERI;FOOD;RAW;100;VEGLEAF;VEGTOT;VEGFRESH;VEGDITOT
340;PARSA, SÄILÖTTY;FOOD;CANN;100;VEGCANN;VEGTOT;VEGCANN;VEGDITOT
342;SIENI, TATTI, HAPERO;FOOD;RAW;100;MUSHRO;VEGTOT;MUSHRDI;VEGDITOT
343;SIENI ROUSKUT, SUOLATTU, KÄYTTÖVALMIS;FOOD;SALT;100;MUSHRO;VEGTOT;MUSHRDI;VEGDITOT
344;ETIKKASIENISÄILYKE;FOOD;CANN;100;MUSHRO;VEGTOT;MUSHRDI;VEGDITOT
345;HERKKUSIENI;FOOD;RAW;100;MUSHRO;VEGTOT;MUSHRDI;VEGDITOT
346;KURKKU;FOOD;RAW;100;VEGFRU;VEGTOT;VEGFRESH;VEGDITOT
347;ETIKKAKURKKU, EI LISÄTTYÄ SOKERIA;FOOD;CANN;100;VEGCANN;VEGTOT;VEGCANN;VEGDITOT
348;MAUSTEKURKKU, HERKKUKURKKU, SOKERISUOLATTU;FOOD;CANN;100;VEGCANN;VEGTOT;VEGCANN;VEGDITOT
350;KURPITSA;FOOD;RAW;100;VEGFRU;VEGTOT;VEGFRESH;VEGDITOT
351;SALAATTI, KURPITSASALAATTI, PIKKELSSI;FOOD;CANN;100;VEGCANN;VEGTOT;VEGCANN;VEGDITOT
352;TOMAATTI;FOOD;RAW;100;VEGFRU;VEGTOT;VEGFRESH;VEGDITOT
353;KETSUPPI;FOOD;IND;100;FLAVSAUC;FLAVTOT;SPISAUCE;MISCTOT
354;TOMAATTISOSE, TOMAATTIPYREE;FOOD;CANN;100;VEGCANN;VEGTOT;SPISAUCE;MISCTOT
355;PAPRIKA, KESKIARVO;FOOD;RAW;100;VEGFRU;VEGTOT;VEGFRESH;VEGDITOT
356;SEKAVIHANNES, PORKKANA, KUKKAKAALI, HERNE, PAPU;FOOD;FROZ;100;ROOT;VEGTOT;VEGFRESH;VEGDITOT
358;TÄYSMEHU, KASVISTUOREMEHU;FOOD;MASH;100;VEGJUICE;VEGTOT;VEGJUICE;VEGDITOT
359;KIINANKAALI;FOOD;RAW;100;CABBAGE;VEGTOT;VEGFRESH;VEGDITOT
360;MANGOLDI;FOOD;RAW;100;VEGLEAF;VEGTOT;VEGFRESH;VEGDITOT
362;MUNAKOISO;FOOD;RAW;100;VEGFRU;VEGTOT;VEGFRESH;VEGDITOT
363;MAISSI, JYVÄT;FOOD;RAW;100;VEGLEAF;VEGTOT;VEGFRESH;VEGDITOT
364;VIHANNESKRASSI;FOOD;RAW;100;VEGLEAF;VEGTOT;VEGFRESH;VEGDITOT
367;KANTARELLI;FOOD;RAW;100;MUSHRO;VEGTOT;MUSHRDI;VEGDITOT
368;KORVASIENI;FOOD;RAW;100;MUSHRO;VEGTOT;MUSHRDI;VEGDITOT
369;TILLI, TUORE;FOOD;RAW;100;VEGLEAF;VEGTOT;VEGFRESH;VEGDITOT
370;HERNE, VIHREÄ, TUORE;FOOD;RAW;100;PEABEAN;LEGUTOT;LEGUMES;LEGUTOT
371;HERNE, VIHREÄ, KUIVATTU;FOOD;DRIE;100;PEABEAN;LEGUTOT;LEGUMES;LEGUTOT
372;PAPU, VIHREÄ TAITEPAPU, TUORE;FOOD;RAW;100;PEABEAN;LEGUTOT;LEGUMES;LEGUTOT
373;PAPU, RUSKEA TAI VALKOINEN, KUIVATTU, KESKIARVO;FOOD;DRIE;100;PEABEAN;LEGUTOT;LEGUMES;LEGUTOT
375;PÄHKINÄ, HASSELPÄHKINÄ;FOOD;RAW;100;NUTSEED;LEGUTOT;SNACKVEG;SNACKTOT
376;PÄHKINÄ, SAKSANPÄHKINÄ;FOOD;RAW;100;NUTSEED;LEGUTOT;SNACKVEG;SNACKTOT
377;KASTANJA;FOOD;RAW;100;NUTSEED;LEGUTOT;SNACKVEG;SNACKTOT
378;PÄHKINÄ, MAAPÄHKINÄ;FOOD;RAW;100;NUTSEED;LEGUTOT;SNACKVEG;SNACKTOT
379;MANTELI;FOOD;RAW;100;NUTSEED;LEGUTOT;SNACKVEG;SNACKTOT
380;JAUHO, SOIJAJAUHO, RASVAINEN;FOOD;RAW;100;SOYAPROD;LEGUTOT;LEGUPROD;LEGUTOT
381;JAUHO, SOIJAJAUHO, VÄHÄRASVAINEN;FOOD;RAW;100;SOYAPROD;LEGUTOT;LEGUPROD;LEGUTOT
382;KOOKOSHIUTALE;FOOD;DRIE;100;NUTSEED;LEGUTOT;SNACKVEG;SNACKTOT
383;PÄHKINÄ, SUOLAPÄHKINÄ;FOOD;BAK;100;NUTSEED;LEGUTOT;SNACKSAV;SNACKTOT
384;ITU, KESKIARVO, SINIMAILANEN, MUNGOPAPU;FOOD;RAW;100;VEGLEAF;VEGTOT;VEGFRESH;VEGDITOT
385;SEESAMINSIEMEN, KUORINEEN;FOOD;DRIE;100;NUTSEED;LEGUTOT;SNACKVEG;SNACKTOT
386;PAPRIKA, PUNAINEN;FOOD;RAW;100;VEGFRU;VEGTOT;VEGFRESH;VEGDITOT
387;PAPRIKA, VIHREÄ;FOOD;RAW;100;VEGFRU;VEGTOT;VEGFRESH;VEGDITOT
388;PAPRIKA, KELTAINEN;FOOD;RAW;100;VEGFRU;VEGTOT;VEGFRESH;VEGDITOT
389;KESÄKURPITSA, ZUCCHINI;FOOD;RAW;100;VEGFRU;VEGTOT;VEGFRESH;VEGDITOT
390;TÄYSMEHU, TOMAATTIMEHU;FOOD;MASH;100;VEGJUICE;VEGTOT;VEGJUICE;VEGDITOT
391;SOIJAPAPU, KUIVATTU;FOOD;DRIE;100;PEABEAN;LEGUTOT;LEGUMES;LEGUTOT
392;RUOHOSIPULI;FOOD;RAW;100;VEGLEAF;VEGTOT;VEGFRESH;VEGDITOT
393;VALKOSIPULI;FOOD;RAW;100;VEGONI;VEGTOT;VEGFRESH;VEGDITOT
394;SALAATTI, KURKKUSALAATTI, KURKKUPIKKELSSI, KURKKURELISSI;FOOD;CANN;100;VEGCANN;VEGTOT;VEGCANN;VEGDITOT
395;PAPU, VALKOINEN, KEITETTY;FOOD;BOIL;100;PEABEAN;LEGUTOT;LEGUMES;LEGUTOT
398;TOMAATTIMURSKA;FOOD;CANN;100;VEGCANN;VEGTOT;VEGCANN;VEGDITOT
399;LINSSI, VIHREÄ/RUSKEA, KUIVATTU;FOOD;DRIE;100;PEABEAN;LEGUTOT;LEGUMES;LEGUTOT
401;OMENA, KUIVATTU;FOOD;DRIE;100;APPLE;FRUITTOT;SNACKVEG;SNACKTOT
408;APRIKOOSI, SOKERILIEMESSÄ;FOOD;CANN;100;FRUITCAN;FRUITTOT;FRUBSAL;FRUDITOT
409;APRIKOOSI, KUIVATTU;FOOD;DRIE;100;APPLE;FRUITTOT;SNACKVEG;SNACKTOT
411;PERSIKKA, SOKERILIEMESSÄ;FOOD;CANN;100;FRUITCAN;FRUITTOT;FRUBSAL;FRUDITOT
412;PERSIKKA, KUIVATTU;FOOD;DRIE;100;APPLE;FRUITTOT;SNACKVEG;SNACKTOT
417;ANANAS, SOKERILIEMESSÄ;FOOD;CANN;100;FRUITCAN;FRUITTOT;FRUBSAL;FRUDITOT
423;VIINIRYPÄLE, KESKIARVO, KIVETÖN, VIHREÄ/TUMMA;FOOD;RAW;100;FRUITOTH;FRUITTOT;FRUFRESH;FRUDITOT
427;SEKAHEDELMÄ, KUIVATTU;FOOD;DRIE;100;FRUITOTH;FRUITTOT;SNACKVEG;SNACKTOT
428;RUSINA;FOOD;DRIE;100;FRUITOTH;FRUITTOT;SNACKVEG;SNACKTOT
431;OLIIVI, KESKIARVO, PUNNITTU KIVINEEN, ÖLJYSSÄ, VIHREÄ/MUSTA;FOOD;CANN;80;FRUITOTH;FRUITTOT;VEGCANN;VEGDITOT
432;HEDELMÄSALAATTISÄILYKE, SOKERILIEMESSÄ;FOOD;CANN;100;FRUITCAN;FRUITTOT;FRUBSAL;FRUDITOT
433;TÄYSMEHU, OMENATÄYSMEHU, C-VITAMIINIA;FOOD;MASH;100;JUICE;FRUITTOT;FRUBJUIC;FRUDITOT
434;TÄYSMEHU, APPELSIINITÄYSMEHU, C-VITAMIINIA;FOOD;MASH;100;JUICE;FRUITTOT;FRUBJUIC;FRUDITOT
435;TÄYSMEHU, GREIPPITÄYSMEHU, C-VITAMIINIA;FOOD;MASH;100;JUICE;FRUITTOT;FRUBJUIC;FRUDITOT
436;TÄYSMEHU, C-VITAMIINIA, KESKIARVO;FOOD;MIX;100;JUICE;FRUITTOT;FRUBJUIC;FRUDITOT
437;TÄYSMEHU, SITRUUNATÄYSMEHU, LAIMENNETTU;FOOD;MASH;100;JUICE;FRUITTOT;FRUBJUIC;FRUDITOT
438;TÄYSMEHU, ANANASTÄYSMEHU, C-VITAMIINIA;FOOD;MASH;100;JUICE;FRUITTOT;FRUBJUIC;FRUDITOT
440;PUOLUKKA;FOOD;RAW;100;BERRY;FRUITTOT;BERFRESH;FRUDITOT
441;KARPALO;FOOD;RAW;100;BERRY;FRUITTOT;BERFRESH;FRUDITOT
442;MUSTIKKA, METSÄMUSTIKKA;FOOD;RAW;100;BERRY;FRUITTOT;BERFRESH;FRUDITOT
444;MUSTAHERUKKA;FOOD;RAW;100;BERRY;FRUITTOT;BERFRESH;FRUDITOT
445;PUNAHERUKKA;FOOD;RAW;100;BERRY;FRUITTOT;BERFRESH;FRUDITOT
446;KARVIAINEN;FOOD;RAW;100;BERRY;FRUITTOT;BERFRESH;FRUDITOT
447;MANSIKKA;FOOD;RAW;100;BERRY;FRUITTOT;BERFRESH;FRUDITOT
448;VADELMA;FOOD;RAW;100;BERRY;FRUITTOT;BERFRESH;FRUDITOT
449;LAKKA, SUOMUURAIN, HILLA;FOOD;RAW;100;BERRY;FRUITTOT;BERFRESH;FRUDITOT
450;MARJAHILLO, KESKIARVO;FOOD;CANN;100;JAM;SUGARTOT;JAM;SUGARTOT
451;MEHU, HÖYRYMEHU, LAIMENTAMATON, SOKEROITU;FOOD;BOIL;100;FBDRINK;FRUITTOT;DRJUICE;BEVTOT
452;MEHU, HÖYRYMEHU, MUSTAHERUKKA, LAIMENTAMATON, SOKEROITU;FOOD;BOIL;100;FBDRINK;FRUITTOT;DRJUICE;BEVTOT
453;MEHU, HÖYRYMEHU LAIMENTAMATON, SOKERITON;FOOD;BOIL;100;FBDRINK;FRUITTOT;DRJUICE;BEVTOT
454;MARJA, KESKIARVO;FOOD;RAW;100;BERRY;FRUITTOT;BERFRESH;FRUDITOT
455;TYRNIMARJA;FOOD;RAW;100;BERRY;FRUITTOT;BERFRESH;FRUDITOT
456;MARMELADI, MARJOISTA;FOOD;CANN;100;JAM;SUGARTOT;JAM;SUGARTOT
457;PIHLAJANMARJA;FOOD;RAW;100;BERRY;FRUITTOT;BERFRESH;FRUDITOT
458;MEHU, MUSTAHERUKKA-PUOLUKKAMEHUJUOMA;FOOD;MASH;100;FBDRINK;FRUITTOT;DRJUICE;BEVTOT
459;MEHU, MEHUJUOMA, PUOLUKKA, LAIMENTAMATON;FOOD;MASH;100;FBDRINK;FRUITTOT;DRJUICE;BEVTOT
461;MEHU, HÖYRYMEHU LAIMENNETTU, SOKEROITU;FOOD;BOIL;100;FBDRINK;FRUITTOT;DRJUICE;BEVTOT
462;MEHU, HÖYRYMEHU, MUSTAHERUKKA, LAIMENNETTU, SOKEROITU;FOOD;BOIL;100;FBDRINK;FRUITTOT;DRJUICE;BEVTOT
463;MEHU, HÖYRYMEHU LAIMENNETTU, SOKERITON;FOOD;BOIL;100;FBDRINK;FRUITTOT;DRJUICE;BEVTOT
469;TÄYSMEHU, VIIDEN HEDELMÄN MEHU, C-VITAMIINIA;FOOD;MASH;100;JUICE;FRUITTOT;FRUBJUIC;FRUDITOT
471;ANANAS, OMASSA LIEMESSÄÄN;FOOD;CANN;100;FRUITCAN;FRUITTOT;FRUBSAL;FRUDITOT
472;OMENASOSE, MAKEUTTAMATON;FOOD;MASH;100;FRUITCAN;FRUITTOT;FRUFRESH;FRUDITOT
473;MEHU, NEKTARI, HEDELMÄJUOMA, HEDELMÄPITOISUUS 50 %;FOOD;MASH;100;FBDRINK;FRUITTOT;DRJUICE;BEVTOT
474;TÄYSMEHU, MARJATÄYSMEHU;FOOD;MASH;100;JUICE;FRUITTOT;FRUBJUIC;FRUDITOT
476;HILLO, FRUKTOOSILLA MAKEUTETTU;FOOD;CANN;100;JAM;SUGARTOT;JAM;SUGARTOT
477;MELONI, VERKKOMELONI/CANTALOUPEMELONI, KUORITTU;FOOD;RAW;100;FRUITOTH;FRUITTOT;FRUFRESH;FRUDITOT
478;MARJAJUOMA, NEKTARI, MARJAPITOISUUS 50 %;FOOD;BOIL;100;FBDRINK;FRUITTOT;DRJUICE;BEVTOT
500;VOI;FOOD;IND;100;BUTTER;FATTOT;BUTTER;FATTOT
516;LEIVONTAMARGARIINI 80 %, SUNNUNTAI, VL;FOOD;IND;100;FATCOOK;FATTOT;FATCOOK;FATTOT
530;LEIPOMOTEOLLISUUSMARGARIINI 80 %, LEIVONTA;FOOD;IND;100;FATCOOK;FATTOT;FATCOOK;FATTOT
531;RUOKAÖLJY TEOLLISUUSKÄYTTÖÖN, 70 % RYPSIÖLJYÄ, 30 % PALMUÖLJYÄ;FOOD;IND;100;FATCOOK;FATTOT;FATCOOK;FATTOT
535;RYPSIÖLJY;FOOD;IND;100;OIL;FATTOT;OIL;FATTOT
536;OLIIVIÖLJY;FOOD;IND;100;OIL;FATTOT;OIL;FATTOT
537;MAAPÄHKINÄÖLJY;FOOD;IND;100;OIL;FATTOT;OIL;FATTOT
540;AURINGONKUKKAÖLJY;FOOD;IND;100;OIL;FATTOT;OIL;FATTOT
541;RUOKAÖLJY KESKIARVO, 87 % RYPSI- 8 % AURINGONKUKKA- JA 5% OLIIVIÖLJY;FOOD;IND;100;OIL;FATTOT;OIL;FATTOT
542;SOIJAÖLJY;FOOD;IND;100;OIL;FATTOT;OIL;FATTOT
543;MAISSIÖLJY;FOOD;IND;100;OIL;FATTOT;OIL;FATTOT
550;PAISTINRASVA, LAARDI;FOOD;RAW;100;FATANIM;FATTOT;FATANIM;FATTOT
552;KOOKOSRASVA 100 %;FOOD;IND;100;OIL;FATTOT;OIL;FATTOT
553;TALI, RAAKA NAUDANRASVA;FOOD;RAW;100;FATANIM;FATTOT;FATANIM;FATTOT
562;MAJONEESI, HAMPURILAISKASTIKE, RASVAA 60 %;FOOD;IND;100;SALADDRE;FATTOT;SALADDRE;FATTOT
563;SALAATINKASTIKE, RANSKALAINEN, SISÄLTÄÄ SINAPPIA;FOOD;IND;100;SALADDRE;FATTOT;SALADDRE;FATTOT
565;RASVASEOS 40 %, KEVYT LEVI, VÄHEMMÄN SUOLAA, VL;FOOD;IND;100;BUTTLOW;FATTOT;BUTTELOW;FATTOT
568;MARGARIINI 60 %, RAINBOW/PIRKKA/ELDORADO/K-MENU;FOOD;IND;100;VEGFATHI;FATTOT;VEGFATHI;FATTOT
570;RASVASEOS 40 %, KEVYT LEVI, VL;FOOD;IND;100;BUTTLOW;FATTOT;BUTTELOW;FATTOT
576;VOI, SUOLATON;FOOD;IND;100;BUTTER;FATTOT;BUTTER;FATTOT
578;MAJONEESI, RASVAA 27-33 %;FOOD;IND;100;SALADDRE;FATTOT;SALADDRE;FATTOT
579;SALAATINKASTIKE, RASVAA <17 %, VÄHÄRASVAINEN;FOOD;IND;100;SALADDRE;FATTOT;SALADDRE;FATTOT
585;VOI, VOIMAKASSUOLAINEN;FOOD;IND;100;BUTTER;FATTOT;BUTTER;FATTOT
593;LEIVONTAMARGARIINI 80 %, PIRKKA/RAINBOW;FOOD;IND;100;FATCOOK;FATTOT;FATCOOK;FATTOT
597;RASVASEOSLEVITE 75 %, TUOTEKESKIARVO;FOOD;IND;100;BUTTHIGH;FATTOT;BUTTEHIG;FATTOT
598;VOIÖLJY 100 %, MAITORASVAA;FOOD;IND;100;BUTTER;FATTOT;BUTTER;FATTOT
600;MAITO, TILAMAITO, RAAKAMAITO, RASVAA 4,4 %, EI LISÄTTY D-VITAMIINIA;FOOD;RAW;100;MILKHF;MILKTOT;MILKHF;MILKDTOT
602;TERNIMAITO;FOOD;RAW;100;MILKHF;MILKTOT;MILKHF;MILKDTOT
604;MAITO, KUTUNMAITO, VUOHENMAITO;FOOD;IND;100;MILKHF;MILKTOT;MILKHF;MILKDTOT
606;MAITO, RASVATON, D-VITAMIINIA 1 UG;FOOD;IND;100;MILKFF;MILKTOT;MILKFF;MILKDTOT
611;PIIMÄ, TALOUSPIIMÄ, RASVAA 0,8 %;FOOD;IND;100;SOURMILK;MILKTOT;SMILK;MILKDTOT
612;PIIMÄ, RASVATON, D-VIT 1 UG;FOOD;IND;100;SOURMILK;MILKTOT;SMILK;MILKDTOT
613;PIIMÄ, KIRNUPIIMÄ;FOOD;IND;100;SOURMILK;MILKTOT;SMILK;MILKDTOT
615;KERMAVIILI, RASVAA 10-12 %;FOOD;IND;100;SOUCREAM;MILKTOT;SOUCREAM;MILKDTOT
616;PIIMÄ, ASIDOFILUSPIIMÄ, RASVAA 2,5 %, D-VIT 1 UG, PROBIOOTTEJA;FOOD;IND;100;SOURMILK;MILKTOT;SMILK;MILKDTOT
617;VIILI, MAUSTAMATON, RASVAA 3,5 %;FOOD;IND;100;MILKCURL;MILKTOT;MILKCURL;MILKDTOT
618;VIILI, MAUSTAMATON, KEVYTVIILI, RASVAA 2,5 %;FOOD;IND;100;MILKCURL;MILKTOT;MILKCURL;MILKDTOT
619;JOGURTTI, MAUSTAMATON, RASVAA 2,5 %, VL;FOOD;IND;100;YOGHURHI;MILKTOT;YOGHURT;MILKDTOT
620;JOGURTTI, MAUSTAMATON, BULGARIAN, RASVAA 3,9%;FOOD;IND;100;YOGHURHI;MILKTOT;YOGHURT;MILKDTOT
622;RAHKA, MAITORAHKA, MAUSTAMATON, RASVAA <0,5 %;FOOD;IND;100;CURD;MILKTOT;CURD;MILKDTOT
627;MAITO, YKKÖSMAITO, D-VITAMIINIA 1 UG;FOOD;IND;100;MILKLF;MILKTOT;MILKLF;MILKDTOT
628;CREME FRAICHE, RANSKANKERMA, RASVAA 28 %;FOOD;IND;100;SOUCREAM;MILKTOT;SOUCREAM;MILKDTOT
629;KERMA, VISPIKERMA, RASVAA 38 % ,VL, ISKUKUUMENNETTU;FOOD;IND;100;CREAM;MILKTOT;CREAM;MILKDTOT
630;SMETANA, RASVAA N. 40 %;FOOD;IND;100;SOUCREAM;MILKTOT;SOUCREAM;MILKDTOT
631;KERMA, KUOHUKERMA, RASVAA 38 %;FOOD;IND;100;CREAM;MILKTOT;CREAM;MILKDTOT
632;RUOANVALMISTUSKERMA, RASVAA 19 %, KAHVIKERMA;FOOD;IND;100;CREAM;MILKTOT;CREAM;MILKDTOT
633;KERMA, KAHVIKERMA, KEVYT, RASVAA 10 %, VL;FOOD;IND;100;CREAM;MILKTOT;CREAM;MILKDTOT
635;RAEJUUSTO, RASVATON, VL;FOOD;IND;100;CHEEUNLO;MILKTOT;CHEESUNC;MILKDTOT
636;VIILI, KERROSVIILI, MAUSTETTU HILLOLLA, YKKÖSVIILI, RASVAA 1 %, VL;FOOD;IND;100;MILKCURL;MILKTOT;MILKCURL;MILKDTOT
637;JOGURTTI, MAUSTAMATON, RASVATON, VL, D-VIT 0,5 UG;FOOD;IND;100;YOGHURLO;MILKTOT;YOGHURT;MILKDTOT
639;JOGURTTI, MAUSTETTU, RASVATON;FOOD;IND;100;YOGHURLO;MILKTOT;YOGHURT;MILKDTOT
640;JUUSTO, VALKOHOMEJUUSTO, RASVAA 26-30 %, CAMEMBERT/BRIE;FOOD;IND;100;CHEECUHI;MILKTOT;CHEESCUR;MILKDTOT
641;JUUSTO, KERMAJUUSTO, RASVAA 30 %, TURUNMAA/OLTERMANNI/KORSHOLM/MASURKKA;FOOD;IND;100;CHEECUHI;MILKTOT;CHEESCUR;MILKDTOT
642;JUUSTO, EMMENTALJUUSTO, RASVAA 27-30 %, PUNALEIMA;FOOD;IND;100;CHEECUHI;MILKTOT;CHEESCUR;MILKDTOT
643;JUUSTO, KOVA PIENIKOLOINEN JUUSTO, RASVAA 24-27 %, EDAM;FOOD;IND;100;CHEECUHI;MILKTOT;CHEESCUR;MILKDTOT
644;JUUSTO, PUOLIKOVA JUUSTO, RASVAA 9-11 %, KEVYT, EDAM/KADETT;FOOD;IND;100;CHEECULO;MILKTOT;CHEESCUR;MILKDTOT
645;JUUSTO, KUTUNJUUSTO, VUOHENJUUSTO, RASVAA 30 %, KOVA JUUSTO;FOOD;IND;100;CHEECUHI;MILKTOT;CHEESCUR;MILKDTOT
647;SULATEJUUSTO, RASVAA 20-24 %, KESKIRASVAINEN;FOOD;IND;100;CHEEPRHI;MILKTOT;CHEESPRO;MILKDTOT
648;SULATEJUUSTO, RASVAA 27-35 %, RUNSASRASVAINEN;FOOD;IND;100;CHEEPRHI;MILKTOT;CHEESPRO;MILKDTOT
649;RAEJUUSTO, RASVAA 2-5 %;FOOD;IND;100;CHEEUNLO;MILKTOT;CHEESUNC;MILKDTOT
650;TUOREJUUSTO, KOTIJUUSTO, RASVAA 9-14 %, MAALAISJUUSTO;FOOD;IND;100;CHEEUNLO;MILKTOT;CHEESUNC;MILKDTOT
653;JUUSTO, SINIHOMEJUUSTO, RASVAA 27-30 %, AURA/DANAZOLE, KESKIARVO;FOOD;IND;100;CHEECUHI;MILKTOT;CHEESCUR;MILKDTOT
654;JUUSTO, GOUDA, KESKIARVO, RASVAA 28-30 %;FOOD;IND;100;CHEECUHI;MILKTOT;CHEESCUR;MILKDTOT
655;JUUSTO, PUOLIKOVA JUUSTO, RASVAA 25-35 %, LAPPI/SMÅLAND/BILLINGE/RUSTHOLLI;FOOD;IND;100;CHEECUHI;MILKTOT;CHEESCUR;MILKDTOT
657;JUUSTO, LEIPÄJUUSTO, RASVAA 17-23 %;FOOD;BAK;100;CHEEUNHI;MILKTOT;CHEESUNC;MILKDTOT
658;TUOREJUUSTO, RUNSASRASVAINEN, MUSTAPIPPURIJUUSTO;FOOD;IND;100;CHEEUNHI;MILKTOT;CHEESUNC;MILKDTOT
659;SULATEJUUSTO, RASVAA 9-12 %, VÄHÄRASVAINEN;FOOD;IND;100;CHEEPRLO;MILKTOT;CHEESPRO;MILKDTOT
661;JÄÄTELÖ, PEHMYTJÄÄTELÖ, VOHVELI;FOOD;IND;100;ICECREAM;MILKTOT;ICECREAM;MILKDTOT
663;JÄÄTELÖ, KERMAJÄÄTELÖ;FOOD;IND;100;ICECREAM;MILKTOT;ICECREAM;MILKDTOT
664;JÄÄTELÖ, KERMAJÄÄTELÖPUIKKO, SUKLAAKUORRUTE, KESKIARVO;FOOD;IND;100;ICECREAM;MILKTOT;ICECREAM;MILKDTOT
665;JÄÄTELÖ, KERMAJÄÄTELÖTUUTTI;FOOD;IND;100;ICECREAM;MILKTOT;ICECREAM;MILKDTOT
666;JÄÄTELÖ, MAITOJÄÄTELÖ;FOOD;IND;100;ICECREAM;MILKTOT;ICECREAM;MILKDTOT
667;JÄÄTELÖ, SOKERITON, KEINOTEKOISESTI MAKEUTETTU, RASVAA 6,5 %;FOOD;IND;100;ICECREAM;MILKTOT;ICECREAM;MILKDTOT
668;JÄÄTELÖ, KERMAJÄÄTELÖ, RASVAA YLI 12 %, KESKIARVO;FOOD;IND;100;ICECREAM;MILKTOT;ICECREAM;MILKDTOT
672;MAITOJAUHE, RASVATON;FOOD;DRIE;100;MILKINGR;MILKTOT;INGRMISC;MISCTOT
675;MAITO, KEVYTMAITO, VL, D-VITAMIINIA 1 UG;FOOD;IND;100;MILKLF;MILKTOT;MILKLF;MILKDTOT
680;VIILI, MAUSTAMATON, RASVAA 1 %, YKKÖSVIILI;FOOD;IND;100;MILKCURL;MILKTOT;MILKCURL;MILKDTOT
682;TUOREJUUSTO, RASVAA 30 %, MAUSTETTU, CREME BONJOUR/CANTADOU;FOOD;IND;100;CHEEUNHI;MILKTOT;CHEESUNC;MILKDTOT
684;MAITO, KEVYTMAITO, D-VITAMIINIA 1 UG;FOOD;IND;100;MILKLF;MILKTOT;MILKLF;MILKDTOT
685;JOGURTTI, MAUSTETTU, RASVATON, OSITTAIN KEINOTEKOISESTI MAKEUTETTU, KA.;FOOD;IND;100;YOGHURLO;MILKTOT;YOGHURT;MILKDTOT
686;JOGURTTI, MAUSTETTU, RASVAA 7 %;FOOD;IND;100;YOGHURHI;MILKTOT;YOGHURT;MILKDTOT
687;JOGURTTI, RUOANVALMISTUSJOGURTTI, RASVAA 6-8 %, VL;FOOD;IND;100;SOUCREAM;MILKTOT;SOUCREAM;MILKDTOT
689;MAITO, TÄYSMAITO, D-VITAMIINIA 1 UG;FOOD;IND;100;MILKHF;MILKTOT;MILKHF;MILKDTOT
690;JUUSTO, SALAATTIJUUSTO, RASVAA 18 %, LEHMÄNMAITO, SUOLALIEMESSÄ;FOOD;IND;100;CHEEUNHI;MILKTOT;CHEESUNC;MILKDTOT
691;JUUSTO, EMMENTALJUUSTO, RASVAA 27-30 %, SUURIKOLOINEN, SINILEIMA/GRUYERE;FOOD;IND;100;CHEECUHI;MILKTOT;CHEESCUR;MILKDTOT
698;JUUSTO, CHEDDAR, RASVAA 34 %;FOOD;IND;100;CHEECUHI;MILKTOT;CHEESCUR;MILKDTOT
699;RUOANVALMISTUSKERMA, KASVIRASVAKERMA, RASVAA 15 %;FOOD;IND;100;CREAM;MILKTOT;CREAM;MILKDTOT
701;SIANRUHO, KESKIRASVAINEN;FOOD;RAW;100;PORK;MEATTOT;MSTEAK;MEATDTOT
703;SIANKYLJYS/SELKÄ, PAKSU RASVAKERROS;FOOD;RAW;100;PORK;MEATTOT;MSTEAK;MEATDTOT
704;SIANKINKKU, SILAVOINEEN;FOOD;RAW;100;PORK;MEATTOT;MSTEAK;MEATDTOT
705;SIANLAPA;FOOD;RAW;100;PORK;MEATTOT;MSTEAK;MEATDTOT
706;SIANKYLKI;FOOD;RAW;100;PORK;MEATTOT;MSTEAK;MEATDTOT
707;PEKONI, 32 % RASVAA;FOOD;SMOK;100;PORK;MEATTOT;MSTEAK;MEATDTOT
708;SIAN SELKÄSILAVA;FOOD;RAW;100;PORK;MEATTOT;MSTEAK;MEATDTOT
709;SIANPOTKA;FOOD;RAW;100;PORK;MEATTOT;MSTEAK;MEATDTOT
711;JAUHELIHA, SIKA-NAUTA;FOOD;RAW;100;PORK;MEATTOT;MSTEAK;MEATDTOT
712;JAUHELIHA, NAUDAN, VÄHÄRASVAINEN, RASVAA 7 %;FOOD;RAW;100;BEEF;MEATTOT;MSTEAK;MEATDTOT
713;SIANLIHA, KESKIARVO;FOOD;RAW;100;PORK;MEATTOT;MSTEAK;MEATDTOT
714;NAUDANLIHA, RASVAINEN, KESKIARVO;FOOD;RAW;100;BEEF;MEATTOT;MSTEAK;MEATDTOT
716;NAUDANRUHO, KESKIRASVAINEN, 13 % RASVAA;FOOD;RAW;100;BEEF;MEATTOT;MSTEAK;MEATDTOT
718;NAUDANPAISTI;FOOD;RAW;100;BEEF;MEATTOT;MSTEAK;MEATDTOT
719;NAUDANLAPA/ETUSELKÄ, NAUDAN KEITTOLIHA;FOOD;RAW;100;BEEF;MEATTOT;MSTEAK;MEATDTOT
720;NAUDANPOTKA;FOOD;RAW;100;BEEF;MEATTOT;MSTEAK;MEATDTOT
721;NAUDANRINTA;FOOD;RAW;100;BEEF;MEATTOT;MSTEAK;MEATDTOT
722;NAUDANFILEE, ULKOFILEE;FOOD;RAW;100;BEEF;MEATTOT;MSTEAK;MEATDTOT
723;NAUDANKYLKI;FOOD;RAW;100;BEEF;MEATTOT;MSTEAK;MEATDTOT
726;VASIKANPAISTI;FOOD;RAW;100;BEEF;MEATTOT;MSTEAK;MEATDTOT
730;LAMPAANLIHA, VÄHÄRASVAINEN;FOOD;RAW;100;LAMM;MEATTOT;MSTEAK;MEATDTOT
731;LAMPAANLIHA, RASVAINEN;FOOD;RAW;100;LAMM;MEATTOT;MSTEAK;MEATDTOT
732;LAMPAANPAISTI;FOOD;RAW;100;LAMM;MEATTOT;MSTEAK;MEATDTOT
734;PORONLIHA;FOOD;RAW;100;GAME;MEATTOT;MSTEAK;MEATDTOT
735;HIRVENLIHA, HIRVI;FOOD;RAW;100;GAME;MEATTOT;MSTEAK;MEATDTOT
736;JÄNIS;FOOD;RAW;100;GAME;MEATTOT;MSTEAK;MEATDTOT
737;KANI;FOOD;RAW;100;GAME;MEATTOT;MSTEAK;MEATDTOT
741;LIHASÄILYKE, NAUDANLIHA;FOOD;CANN;100;BEEF;MEATTOT;MEATPROD;MEATDTOT
743;LIHASÄILYKE, SIKA-NAUTA;FOOD;CANN;100;BEEF;MEATTOT;MEATPROD;MEATDTOT
747;LIHAHYYTELÖ, TEOLLINEN, NAUDANLIHASTA;FOOD;BOIL;100;MEATPROD;MEATTOT;MEATPROD;MEATDTOT
748;SIANPAISTI, VÄHÄRASVAINEN;FOOD;RAW;100;PORK;MEATTOT;MSTEAK;MEATDTOT
750;KANA;FOOD;RAW;100;POULTRY;MEATTOT;POULTRY;MEATDTOT
751;BROILERI, KOKONAINEN, NAHKOINEEN, RAAKA;FOOD;RAW;100;POULTRY;MEATTOT;POULTRY;MEATDTOT
752;KALKKUNA NAHKOINEEN;FOOD;RAW;100;POULTRY;MEATTOT;POULTRY;MEATDTOT
753;METSÄLINTU;FOOD;RAW;100;POULTRY;MEATTOT;POULTRY;MEATDTOT
754;BROILERISUIKALE;FOOD;RAW;100;POULTRY;MEATTOT;POULTRY;MEATDTOT
775;KOKOLIHALEIKKELE, SAUNAPALVIKINKKU, RASVAA 6 %;FOOD;SMOK;100;MEATCUTS;MEATTOT;MEATCUTS;MEATDTOT
776;KOKOLIHALEIKKELE, NAUDANLIHALEIKKELE, RASVAA 2,8 %;FOOD;BOIL;100;MEATCUTS;MEATTOT;MEATCUTS;MEATDTOT
779;KOKOLIHALEIKKELE, KEITTOKINKKU, RASVAA 3 %;FOOD;BOIL;100;MEATCUTS;MEATTOT;MEATCUTS;MEATDTOT
786;MAKSA, NAUDAN;FOOD;RAW;100;OFFAL;MEATTOT;OFFALDI;MEATDTOT
787;MAKSA, SIAN;FOOD;RAW;100;OFFAL;MEATTOT;OFFALDI;MEATDTOT
788;MAKSA, BROILERIN;FOOD;RAW;100;OFFAL;MEATTOT;OFFALDI;MEATDTOT
789;MAKSA, PORON;FOOD;RAW;100;OFFAL;MEATTOT;OFFALDI;MEATDTOT
790;MAKSA, KESKIARVO;FOOD;RAW;100;OFFAL;MEATTOT;OFFALDI;MEATDTOT
791;MUNUAINEN;FOOD;RAW;100;OFFAL;MEATTOT;OFFALDI;MEATDTOT
792;SYDÄN, NAUDAN;FOOD;RAW;100;OFFAL;MEATTOT;OFFALDI;MEATDTOT
793;KIELI, NAUDAN;FOOD;RAW;100;OFFAL;MEATTOT;OFFALDI;MEATDTOT
794;VERI;FOOD;RAW;100;OFFAL;MEATTOT;OFFALDI;MEATDTOT
797;KOKOLIHALEIKKELE, POROLEIKKELE, KYLMÄSAVUSTETTU;FOOD;SMOK;100;MEATCUTS;MEATTOT;MEATCUTS;MEATDTOT
799;KOKOLIHALEIKKELE, KINKKULEIKKELE, VÄHÄRASVAINEN, RASVAA 3 %;FOOD;BOIL;100;MEATCUTS;MEATTOT;MEATCUTS;MEATDTOT
800;SILAKKA, TUORE, ITÄMERI;FOOD;RAW;100;FISH;FISHTOT;FISH;FISHDTOT
801;SILAKKA, SUOLATTU, ITÄMERI;FOOD;SALT;100;FISHPROD;FISHTOT;FISHPROD;FISHDTOT
802;SILAKKA, SAVUSTETTU, ITÄMERI;FOOD;SMOK;100;FISHPROD;FISHTOT;FISHPROD;FISHDTOT
803;SILLI, TYNNYRIIN SUOLATTU;FOOD;SALT;100;FISHPROD;FISHTOT;FISHPROD;FISHDTOT
804;TURSKA;FOOD;RAW;100;FISH;FISHTOT;FISH;FISHDTOT
805;KUHA;FOOD;RAW;100;FISH;FISHTOT;FISH;FISHDTOT
806;PUNA-AHVEN, SAVUSTETTU;FOOD;SMOK;100;FISHPROD;FISHTOT;FISHPROD;FISHDTOT
807;SINIPALLAS, SAVUSTETTU;FOOD;SMOK;100;FISHPROD;FISHTOT;FISHPROD;FISHDTOT
809;MUIKKU, JÄRVI;FOOD;RAW;100;FISH;FISHTOT;FISH;FISHDTOT
810;MUIKKU, JÄRVI, SUOLATTU;FOOD;SALT;100;FISHPROD;FISHTOT;FISHPROD;FISHDTOT
811;MUIKKU, JÄRVI, SAVUSTETTU;FOOD;SMOK;100;FISHPROD;FISHTOT;FISHPROD;FISHDTOT
812;AHVEN;FOOD;RAW;100;FISH;FISHTOT;FISH;FISHDTOT
813;HAUKI;FOOD;RAW;100;FISH;FISHTOT;FISH;FISHDTOT
814;LAHNA;FOOD;RAW;100;FISH;FISHTOT;FISH;FISHDTOT
815;SIIKA;FOOD;RAW;100;FISH;FISHTOT;FISH;FISHDTOT
816;SIIKA, SAVUSTETTU;FOOD;SMOK;100;FISHPROD;FISHTOT;FISHPROD;FISHDTOT
817;LOHI, KOKONAINEN;FOOD;RAW;65;FISH;FISHTOT;FISH;FISHDTOT
818;LOHI, TUORESUOLATTU;FOOD;SALT;100;FISHPROD;FISHTOT;FISHPROD;FISHDTOT
819;MADE;FOOD;RAW;100;FISH;FISHTOT;FISH;FISHDTOT
820;KAMPELA;FOOD;RAW;100;FISH;FISHTOT;FISH;FISHDTOT
821;ANKERIAS;FOOD;RAW;100;FISH;FISHTOT;FISH;FISHDTOT
822;KIRJOLOHI, KOKONAINEN, KESKIARVO;FOOD;RAW;65;FISH;FISHTOT;FISH;FISHDTOT
823;TAIMEN;FOOD;RAW;100;FISH;FISHTOT;FISH;FISHDTOT
824;KALA, KESKIARVO, SILAKKA/MUIKKU/AHVEN/HAUKI;FOOD;RAW;100;FISH;FISHTOT;FISH;FISHDTOT
825;NAHKIAINEN, SAVUSTETTU;FOOD;SMOK;100;FISHPROD;FISHTOT;FISHPROD;FISHDTOT
826;SEITI, PAKASTE;FOOD;RAW;100;FISH;FISHTOT;FISH;FISHDTOT
828;TONNIKALA, ÖLJYSSÄ, SÄILYKE;FOOD;CANN;100;FISHPROD;FISHTOT;FISHPROD;FISHDTOT
829;ANJOVIS;FOOD;CANN;100;FISHPROD;FISHTOT;FISHPROD;FISHDTOT
830;LOHI, ÖLJYSSÄ;FOOD;CANN;100;FISHPROD;FISHTOT;FISHPROD;FISHDTOT
831;SARDIINI, KESKIARVO, ÖLJYSSÄ JA TOMAATTIKASTIKKEESSA;FOOD;CANN;100;FISHPROD;FISHTOT;FISHPROD;FISHDTOT
832;KAVIAARI, SAMMEN MÄTI;FOOD;SALT;100;FISHPROD;FISHTOT;FISHPROD;FISHDTOT
833;MÄTITAHNA;FOOD;IND;100;FISHPROD;FISHTOT;FISHPROD;FISHDTOT
834;SINISIMPUKKA, VEDESSÄ, SÄILYKE;FOOD;CANN;100;SHELLFIS;FISHTOT;SEAFOOD;FISHDTOT
835;KATKARAPU;FOOD;RAW;100;SHELLFIS;FISHTOT;SEAFOOD;FISHDTOT
836;RAPU;FOOD;RAW;100;SHELLFIS;FISHTOT;SEAFOOD;FISHDTOT
837;SILLI, MAUSTE/SUOLASILLI, KESKIARVO;FOOD;SALT;100;FISHPROD;FISHTOT;FISHPROD;FISHDTOT
838;SILAKKA, MAUSTE/SUOLASILAKKA, KESKIARVO;FOOD;SALT;100;FISHPROD;FISHTOT;FISHPROD;FISHDTOT
844;LAHNA, SAVUSTETTU;FOOD;SMOK;100;FISHPROD;FISHTOT;FISHPROD;FISHDTOT
845;SÄRKI;FOOD;RAW;100;FISH;FISHTOT;FISH;FISHDTOT
846;PUNA-AHVEN, PUNASIMPPU, PAKASTE;FOOD;FROZ;100;FISH;FISHTOT;FISHPROD;FISHDTOT
848;KIRJOLOHIFILEE, MERI;FOOD;RAW;100;FISH;FISHTOT;FISH;FISHDTOT
851;KANANMUNAN KELTUAINEN, 34 % KANANMUNAN MASSASTA;FOOD;RAW;100;EGG;EGGTOT;EGGS;EGGDISH
852;KANANMUNAN VALKUAINEN, 66 % KANANMUNAN MASSASTA;FOOD;RAW;100;EGG;EGGTOT;EGGS;EGGDISH
855;VIIRIÄISEN MUNA;FOOD;RAW;100;EGGOTH;EGGTOT;EGGS;EGGDISH
856;KALA, SAVUSTETTU, KESKIARVO, VÄHÄRASVAINEN;FOOD;SMOK;100;FISHPROD;FISHTOT;FISHPROD;FISHDTOT
857;KALA, SAVUSTETTU, KESKIARVO, RASVAINEN;FOOD;SMOK;100;FISHPROD;FISHTOT;FISHPROD;FISHDTOT
858;KANANMUNA, KUORETON;FOOD;RAW;100;EGG;EGGTOT;EGGS;EGGDISH
859;SILLI, VALKOSIPULI-/SINAPPIKASTIKKEESSA;FOOD;CANN;100;FISHPROD;FISHTOT;FISHPROD;FISHDTOT
860;SILAKKA, TILLI-/SINAPPIKASTIKKEESSA;FOOD;CANN;100;FISHPROD;FISHTOT;FISHPROD;FISHDTOT
862;TONNIKALA;FOOD;RAW;100;FISH;FISHTOT;FISH;FISHDTOT
863;OSTERI;FOOD;RAW;100;SHELLFIS;FISHTOT;SEAFOOD;FISHDTOT
864;ETANA;FOOD;FROZ;100;SHELLFIS;FISHTOT;SEAFOOD;FISHDTOT
865;MUSTEKALA;FOOD;FROZ;100;SHELLFIS;FISHTOT;SEAFOOD;FISHDTOT
866;HUMMERI;FOOD;RAW;100;SHELLFIS;FISHTOT;SEAFOOD;FISHDTOT
870;KIRJOLOHIFILEE, TUORESUOLATTU;FOOD;SALT;100;FISHPROD;FISHTOT;FISHPROD;FISHDTOT
871;LOHIFILEE;FOOD;RAW;100;FISH;FISHTOT;FISH;FISHDTOT
900;KAHVI, KAHVIJUOMA, KESKIARVO;FOOD;BOIL;100;COFFEE;BEVTOT;COFFEE;BEVTOT
901;TEE;FOOD;BOIL;100;TEA;BEVTOT;TEA;BEVTOT
902;OLUT, KESKIOLUT, 4,5 TIL% ALKOHOLIA;FOOD;IND;100;BEER;ALCTOT;BEER;ALCTOT
903;OLUT, A-OLUT, 5-5,5 TIL% ALKOHOLIA;FOOD;IND;100;BEER;ALCTOT;BEER;ALCTOT
904;VIINI, KESKIARVO, 8-15 TIL% ALKOHOLIA;FOOD;IND;100;WINE;ALCTOT;WINE;ALCTOT
905;VÄKEVÄ VIINI, MAKEA, KATKERO, SHERRY, VERMUTTI, MADEIRA, HEDELMÄVIINI;FOOD;IND;100;WINE;ALCTOT;WINE;ALCTOT
906;VIINA, KIRKAS, VODKA, GINI;FOOD;IND;100;SPIRIT;ALCTOT;SPIRIT;ALCTOT
907;KONJAKKI/ROMMI/VISKI, 40 TIL% ALKOHOLIA;FOOD;IND;100;SPIRIT;ALCTOT;SPIRIT;ALCTOT
908;LIKÖÖRI, 20-30 TIL% ALKOHOLIA;FOOD;IND;100;SPIRIT;ALCTOT;SPIRIT;ALCTOT
909;GIN LONG DRINK, 5,5 TIL%;FOOD;IND;100;ALCOTH;ALCTOT;ALCOTH;ALCTOT
910;VIRVOITUSJUOMA;FOOD;IND;100;SDRINK;BEVTOT;DRINKSO;BEVTOT
911;SIIDERI, MAKEA, <3 TIL% ALKOHOLIA;FOOD;IND;100;CIDER;ALCTOT;CIDER;ALCTOT
912;SIMA;FOOD;IND;100;DRINKOTH;BEVTOT;DRINKOTH;BEVTOT
913;OLUT, I-OLUT, <2,8 TIL% ALKOHOLIA;FOOD;IND;100;BEER;ALCTOT;BEER;ALCTOT
914;KALJA, KOTIOLUT;FOOD;IND;100;DRINKOTH;BEVTOT;DRINKOTH;BEVTOT
915;KIVENNÄISVESI, MINERAALIVESI;FOOD;IND;100;WATER;BEVTOT;DRWATER;BEVTOT
917;TEE, SITRUUNATEEJUOMAJAUHE, VALMISTAMATON, SOKERILLA MAKEUTETTU PIKATEE;FOOD;DRIE;100;INGRMIS;INGRTOT;INGRMISC;MISCTOT
920;VIRVOITUSJUOMA, SOKERITON, LIGHT;FOOD;IND;100;DRINKART;BEVTOT;DRINKART;BEVTOT
921;KIVENNÄISVESI, VÄHÄNATRIUMINEN;FOOD;IND;100;WATER;BEVTOT;DRWATER;BEVTOT
922;VESI, VESIJOHTOVESI;FOOD;X;100;WATER;BEVTOT;DRWATER;BEVTOT
923;TEE, YRTTITEE;FOOD;BOIL;100;TEA;BEVTOT;TEA;BEVTOT
924;PUNAVIINI;FOOD;IND;100;WINE;ALCTOT;WINE;ALCTOT
925;VALKOVIINI, KUIVA;FOOD;IND;100;WINE;ALCTOT;WINE;ALCTOT
926;VALKOVIINI, MAKEA;FOOD;IND;100;WINE;ALCTOT;WINE;ALCTOT
928;VIRVOITUSJUOMA, KOLAJUOMA, KESKIARVO;FOOD;IND;100;DRINKCO;BEVTOT;DRINKSO;BEVTOT
929;VIINIETIKKA;FOOD;IND;100;FLAVSAUC;FLAVTOT;SPISAUCE;MISCTOT
930;KAHVI, SUODATINKAHVIJUOMA;FOOD;BOIL;100;COFFEE;BEVTOT;COFFEE;BEVTOT
931;KAHVI, PANNUKAHVIJUOMA;FOOD;BOIL;100;COFFEE;BEVTOT;COFFEE;BEVTOT
932;KAHVI, CAPPUCCINO, MAKEUTTAMATON, TÄYSMAITO;FOOD;MIX;100;COFFEE;BEVTOT;COFFEE;BEVTOT
933;VÄKIVIINAETIKKA;FOOD;IND;100;FLAVSAUC;FLAVTOT;SPISAUCE;MISCTOT
934;HUNAJA-OMENA-VIINIETIKKA;FOOD;IND;100;FLAVSAUC;FLAVTOT;SPISAUCE;MISCTOT
936;MIETO VIINI, 4-5 TIL% ALKOHOLIA;FOOD;IND;100;WINE;ALCTOT;WINE;ALCTOT
937;TEE, VIHREÄ TEE;FOOD;BOIL;100;TEA;BEVTOT;TEA;BEVTOT
938;VIRVOITUSJUOMA, OSITTAIN KEINOTEKOISESTI MAKEUTETTU;FOOD;IND;100;DRINKART;BEVTOT;DRINKART;BEVTOT
939;SIIDERI, MAKEA, 4,7 TIL% ALKOHOLIA;FOOD;IND;100;CIDER;ALCTOT;CIDER;ALCTOT
940;OLUT, VAHVA, 7,5-8 TIL% ALKOHOLIA;FOOD;IND;100;BEER;ALCTOT;BEER;ALCTOT
941;VIRVOITUSJUOMA, KOLAJUOMA LIGHT, OSITTAIN KEINOTEKOISESTI MAKEUTETTU;FOOD;IND;100;DRINKART;BEVTOT;DRINKART;BEVTOT
942;KERMALIKÖÖRI, 15-17 TIL% ALKOHOLIA;FOOD;IND;100;SPIRIT;ALCTOT;SPIRIT;ALCTOT
946;TÄRKKELYSSIIRAPPI, GLUKOOSISIIRAPPI;FOOD;IND;100;SUGARSYR;SUGARTOT;SUGADD;SUGARTOT
1554;JUUSTONAKSU;FOOD;IND;100;CEROTH;CERTOT;SNACKSAV;SNACKTOT
5007;VOILEIPÄPIKKELSSI;FOOD;IND;100;SALADDRE;FATTOT;SALADDRE;FATTOT
11004;MÄTI, KESKIARVO;FOOD;RAW;100;FISHPROD;FISHTOT;FISHPROD;FISHDTOT
11005;NELJÄN VILJAN HIUTALE;FOOD;RAW;100;WHEAT;CERTOT;FLOUR;CEBAKTOT
11007;RUUSUNMARJA;FOOD;RAW;100;BERRY;FRUITTOT;BERFRESH;FRUDITOT
11012;MANSIKKAHILLO, KOTITEKOINEN, SOKERIA 54 %;FOOD;CANN;100;JAM;SUGARTOT;JAM;SUGARTOT
11013;APPELSIINIMARMELADI;FOOD;CANN;100;JAM;SUGARTOT;JAM;SUGARTOT
11014;PALMUÖLJY;FOOD;IND;100;OIL;FATTOT;OIL;FATTOT
11030;JAUHO, RUISSIHTIJAUHO;FOOD;RAW;100;RYE;CERTOT;FLOUR;CEBAKTOT
11045;APPELSIINI, KUORITTU;FOOD;RAW;100;CITRUS;FRUITTOT;FRUFRESH;FRUDITOT
11046;MANDARIINI, KUORITTU;FOOD;RAW;100;CITRUS;FRUITTOT;FRUFRESH;FRUDITOT
11047;GREIPPI, KUORITTU;FOOD;RAW;100;CITRUS;FRUITTOT;FRUFRESH;FRUDITOT
11048;SITRUUNA, KUORITTU;FOOD;RAW;100;CITRUS;FRUITTOT;FRUFRESH;FRUDITOT
11049;BANAANI, KUORITTU;FOOD;RAW;100;FRUITOTH;FRUITTOT;FRUFRESH;FRUDITOT
11050;KIIVI, KUORITTU;FOOD;RAW;100;FRUITOTH;FRUITTOT;FRUFRESH;FRUDITOT
11051;PERSIKKA/NEKTARIINI, KUORITTU, KIVETÖN;FOOD;RAW;100;APPLE;FRUITTOT;FRUFRESH;FRUDITOT
11052;KIRSIKKA, KIVETÖN;FOOD;RAW;100;FRUITOTH;FRUITTOT;FRUFRESH;FRUDITOT
11053;LUUMU, KIVETÖN;FOOD;RAW;100;APPLE;FRUITTOT;FRUFRESH;FRUDITOT
11054;APRIKOOSI, KESKIARVO, KIVETÖN;FOOD;RAW;100;APPLE;FRUITTOT;FRUFRESH;FRUDITOT
11055;VESIMELONI, KUORITTU;FOOD;RAW;100;FRUITOTH;FRUITTOT;FRUFRESH;FRUDITOT
11056;ANANAS, KUORITTU;FOOD;RAW;100;FRUITOTH;FRUITTOT;FRUFRESH;FRUDITOT
11057;AVOKADO, KUORITTU, KIVETÖN;FOOD;RAW;100;FRUITOTH;FRUITTOT;FRUFRESH;FRUDITOT
11059;TONNIKALA, KESKIARVO;FOOD;CANN;100;FISHPROD;FISHTOT;FISHPROD;FISHDTOT
11060;OMENA, KOTIMAINEN, KUORITTU;FOOD;RAW;100;APPLE;FRUITTOT;FRUFRESH;FRUDITOT
11061;OMENA, ULKOMAINEN, KUORITTU;FOOD;RAW;100;APPLE;FRUITTOT;FRUFRESH;FRUDITOT
11062;PÄÄRYNÄ, KUORITTU;FOOD;RAW;100;APPLE;FRUITTOT;FRUFRESH;FRUDITOT
11063;LUUMU, KIVETÖN, KUIVATTU;FOOD;DRIE;100;APPLE;FRUITTOT;SNACKVEG;SNACKTOT
11064;HERKKUSIENI, SÄILYKE;FOOD;CANN;100;MUSHRO;VEGTOT;MUSHRDI;VEGDITOT
11065;RUUSUNMARJASOSE, SOKERITON;FOOD;MASH;100;FRUITCAN;FRUITTOT;BERFRESH;FRUDITOT
11067;TONNIKALA, VEDESSÄ, SÄILYKE;FOOD;CANN;100;FISHPROD;FISHTOT;FISHPROD;FISHDTOT
11069;VIINI, ALKOHOLITON;FOOD;IND;100;DRINKOTH;BEVTOT;DRINKOTH;BEVTOT
11071;EKSOOTTINEN HEDELMÄ, KESKIARVO, MANGO/PAPAIJA, KUORITTU;FOOD;RAW;100;FRUITOTH;FRUITTOT;FRUFRESH;FRUDITOT
11072;HAPANKURKKU LIEMINEEN, VENÄLÄINEN KURKKU;FOOD;SOUR;100;VEGCANN;VEGTOT;VEGCANN;VEGDITOT
11074;ITU, SINIMAILASEN ITU;FOOD;RAW;100;VEGLEAF;VEGTOT;VEGFRESH;VEGDITOT
11086;PÄHKINÄ, CASHEWPÄHKINÄ;FOOD;RAW;100;NUTSEED;LEGUTOT;SNACKVEG;SNACKTOT
11087;TAHINI, SEESAMTAHNA, EI LISÄTTYÄ SUOLAA;FOOD;MIX;100;FLAVSAUC;FLAVTOT;SPISAUCE;MISCTOT
11089;KIKHERNE SUOLATTOMASSA VEDESSÄ;FOOD;BOIL;100;PEABEAN;LEGUTOT;LEGUMES;LEGUTOT
11090;PAPU, VALKOINEN, TOMAATTIKASTIKE;FOOD;CANN;100;LEGUPROD;LEGUTOT;LEGUMES;LEGUTOT
11092;HERAJAUHE, TEOLLISUUDEN RAAKA-AINE;FOOD;DRIE;100;MILKINGR;MILKTOT;INGRMISC;MISCTOT
11130;TUOREJUUSTO, RASVAA 6-11 %, MAUSTETTU;FOOD;IND;100;CHEEUNLO;MILKTOT;CHEESUNC;MILKDTOT
11131;JUUSTO, VALKOHOME/VALKOSINIHOMEJUUSTO, RASVAA 40 %;FOOD;IND;100;CHEECUHI;MILKTOT;CHEESCUR;MILKDTOT
11133;JUUSTO, PUOLIKOVA JUUSTO, KEVYT, RASVAA 15-18 %;FOOD;IND;100;CHEECULO;MILKTOT;CHEESCUR;MILKDTOT
11134;BASILIKA, TUORE;FOOD;RAW;100;VEGLEAF;VEGTOT;VEGFRESH;VEGDITOT
11135;BAMBUNVERSO;FOOD;CANN;100;VEGCANN;VEGTOT;VEGCANN;VEGDITOT
11136;KERMA, VISPIKERMA, KEVYT, RASVAA 25 %;FOOD;IND;100;CREAM;MILKTOT;CREAM;MILKDTOT
11142;MEHUJÄÄ KESKIARVO;FOOD;IND;100;FBDRINK;FRUITTOT;ICECREAM;MILKDTOT
11145;MAITO, RASVATON, VL, D-VITAMIINIA 1 UG;FOOD;IND;100;MILKFF;MILKTOT;MILKFF;MILKDTOT
11146;JUUSTO, LEIPÄJUUSTO, RASVAA 17-23 %, VL;FOOD;IND;100;CHEEUNHI;MILKTOT;CHEESUNC;MILKDTOT
11148;JÄÄTELÖ, KERMAJÄÄTELÖPUIKKO, SUKLAINEN, KESKIARVO;FOOD;IND;100;ICECREAM;MILKTOT;ICECREAM;MILKDTOT
11149;JÄÄTELÖ, MEHUJÄÄ-JÄÄTELÖPUIKKO, KESKIARVO;FOOD;IND;100;ICECREAM;MILKTOT;ICECREAM;MILKDTOT
11150;BROILERI, MARINOITU, ILMAN NAHKAA, RAAKA;FOOD;MIX;100;POULTRY;MEATTOT;POULTRY;MEATDTOT
11152;KERMAVIILI, RASVAA 10-12 %, VL;FOOD;IND;100;SOUCREAM;MILKTOT;SOUCREAM;MILKDTOT
11154;VIILI, MAUSTAMATON, KEVYTVIILI, RASVAA 2 %, VL;FOOD;IND;100;MILKCURL;MILKTOT;MILKCURL;MILKDTOT
11155;RAEJUUSTO, RASVAA 2-5 %, VL;FOOD;IND;100;CHEEUNLO;MILKTOT;CHEESUNC;MILKDTOT
11156;RAHKA, MAITORAHKA, MAUSTAMATON, RASVAA <0,5 %, VL;FOOD;IND;100;CURD;MILKTOT;CURD;MILKDTOT
11159;CREME FRAICHE, RANSKANKERMA, RASVAA 15-18 %;FOOD;IND;100;SOUCREAM;MILKTOT;SOUCREAM;MILKDTOT
11164;JÄLKIRUOKAKASTIKE, VANILLIINIKASTIKE, VISPAUTUVA VANILJAKASTIKE;FOOD;IND;100;CREAM;MILKTOT;DESSAUCE;MISCTOT
11165;PIIMÄ, RASVATON, VL, D-VIT 1UG;FOOD;IND;100;SOURMILK;MILKTOT;SMILK;MILKDTOT
11172;JÄÄTELÖ, KASVIRASVAJÄÄTELÖPUIKKO, SUKLAAKUORRUTE;FOOD;IND;100;ICECREAM;MILKTOT;ICECREAM;MILKDTOT
11173;JÄÄTELÖ, KASVIRASVAJÄÄTELÖTUUTTI;FOOD;IND;100;ICECREAM;MILKTOT;ICECREAM;MILKDTOT
11177;MUSTAPIPPURI;FOOD;DRIE;100;FLAVSEED;FLAVTOT;SPICES;MISCTOT
11178;VALKOPIPPURI;FOOD;DRIE;100;FLAVSEED;FLAVTOT;SPICES;MISCTOT
11182;PAPRIKAJAUHE;FOOD;DRIE;100;FLAVSEED;FLAVTOT;SPICES;MISCTOT
11188;VANILLIINISOKERI;FOOD;IND;100;SUGARSYR;SUGARTOT;SUGADD;SUGARTOT
11191;OREGANO, KUIVATTU;FOOD;DRIE;100;HERB;FLAVTOT;SPICES;MISCTOT
11194;TIMJAMI, KUIVATTU;FOOD;DRIE;100;HERB;FLAVTOT;SPICES;MISCTOT
11196;AROMISUOLA/YRTTISUOLA SUOLAPITOISUUS 71 %;FOOD;IND;100;SALT;INGRTOT;SPICES;MISCTOT
11197;MAUSTEKASTIKE, RUSKEA, HP-KASTIKE;FOOD;IND;100;FLAVSAUC;FLAVTOT;SPISAUCE;MISCTOT
11198;RYPÄLESOKERI, GLUKOOSI;FOOD;IND;100;SUGARSYR;SUGARTOT;SUGADD;SUGARTOT
11203;HUNAJAMELONI, KUORITTU;FOOD;RAW;100;FRUITOTH;FRUITTOT;FRUFRESH;FRUDITOT
11210;KSYLITOLIPASTILLI, C-VITAMINOITU;FOOD;IND;100;SWEET;SUGARTOT;SWEET;SUGARTOT
11211;JUUSTO, FETAJUUSTO, RASVAA 25 %, VUOHENMAITO, SUOLALIEMESSÄ;FOOD;IND;100;CHEEUNHI;MILKTOT;CHEESUNC;MILKDTOT
11212;AURINGONKUKANSIEMEN, KUORITTU;FOOD;DRIE;100;NUTSEED;LEGUTOT;SNACKVEG;SNACKTOT
11287;KASVIRASVALEVITE 28 %, MINI LÄTTA;FOOD;IND;100;VEGFATLO;FATTOT;VEGFATLO;FATTOT
11503;TÄYSMEHU, RYPÄLETÄYSMEHU;FOOD;MASH;100;JUICE;FRUITTOT;FRUBJUIC;FRUDITOT
11505;BANAANILASTU, KUIVATTU BANAANI;FOOD;DRIE;100;FRUITOTH;FRUITTOT;SNACKVEG;SNACKTOT
11507;RIISITÄRKKELYS;FOOD;IND;100;STARCH;CERTOT;INGRMISC;MISCTOT
11512;SIANKYLJYS;FOOD;RAW;100;PORK;MEATTOT;MSTEAK;MEATDTOT
11513;PORSAANFILEE, SISÄFILEE, RASVAA 4,5 %;FOOD;RAW;100;PORK;MEATTOT;MSTEAK;MEATDTOT
11521;RIISI PITKÄJYVÄINEN, PUUROUTUMATON;FOOD;RAW;100;RICE;CERTOT;RICEADD;CEBAKTOT
11522;RUIS-RIISISEOS, RIISI JA RUISROUHE;FOOD;RAW;100;CEROTH;CERTOT;RICEADD;CEBAKTOT
11550;TUOREJUUSTO, RASVAA 30 %, MAUSTETTU, VL;FOOD;IND;100;CHEEUNHI;MILKTOT;CHEESUNC;MILKDTOT
11551;KALKKUNAN RINTAFILEE;FOOD;RAW;100;POULTRY;MEATTOT;POULTRY;MEATDTOT
11553;HEDELMÄHILLO, KESKIARVO;FOOD;CANN;100;JAM;SUGARTOT;JAM;SUGARTOT
11557;TÄYSMEHU, SITRUUNATÄYSMEHU, LAIMENTAMATON;FOOD;MASH;100;JUICE;FRUITTOT;FRUBJUIC;FRUDITOT
11558;TÄYSMEHU, APPELSIINITÄYSMEHU, KALSIUMIA;FOOD;IND;100;JUICE;FRUITTOT;FRUBJUIC;FRUDITOT
11562;JAUHELIHA, NAUDAN, RASVAA 17 %;FOOD;RAW;100;BEEF;MEATTOT;MSTEAK;MEATDTOT
11563;BROILERI, KOIPI-REISI, NAHKOINEEN, RAAKA;FOOD;RAW;100;POULTRY;MEATTOT;POULTRY;MEATDTOT
11564;BROILERI, RINTALEIKE, NAHKOINEEN;FOOD;RAW;100;POULTRY;MEATTOT;POULTRY;MEATDTOT
11565;BROILERI, RINTAFILEE, NAHATON, SUIKALE, LEIKE;FOOD;RAW;100;POULTRY;MEATTOT;POULTRY;MEATDTOT
11571;TUOREJUUSTO, RASVAA 11 %, MAUSTAMATON;FOOD;IND;100;CHEEUNLO;MILKTOT;CHEESUNC;MILKDTOT
11580;PÄHKINÄVÄLIPALA, MAKEA, PATUKKA/LEVY;FOOD;IND;100;NUTSEED;LEGUTOT;SNACKVEG;SNACKTOT
11587;MARJAJUOMA, RUUSUNMARJA, PRO VIVA, KAURAA JA PROBIOOTTEJA;FOOD;IND;100;FBDRINK;FRUITTOT;DRJUICE;BEVTOT
11589;PIPARJUURI;FOOD;RAW;100;ROOT;VEGTOT;VEGFRESH;VEGDITOT
11680;PERUNA, KUORITTU, SUURTALOUSTUOTE, SUOJAKAASUPAKATTU;FOOD;RAW;100;POTATO;POTATOT;POTACOOK;POTATOT
11685;PAISTOÖLJY, PALMUÖLJY 50 %, PALMUYDINÖLJY 25 %, RYPSIÖLJY 25 %;FOOD;IND;100;FATCOOK;FATTOT;FATCOOK;FATTOT
11687;RIISIJUOMA, MAUSTAMATON;FOOD;IND;100;CEROTLIQ;CERTOT;VEGJUICE;VEGDITOT
11689;PARSA, RAAKA, PUHDISTETTU;FOOD;RAW;100;VEGLEAF;VEGTOT;VEGFRESH;VEGDITOT
11690;MAJONEESI, VÄHÄRASVAINEN, RASVAA 15 %;FOOD;MIX;100;SALADDRE;FATTOT;SALADDRE;FATTOT
11691;MÄTI, KESKIARVO, SUOLATTU;FOOD;SALT;100;FISHPROD;FISHTOT;FISHPROD;FISHDTOT
11694;JOGURTTI, MAUSTETTU HILLOLLA, RASVAA 2 %, VL;FOOD;IND;100;YOGHURHI;MILKTOT;YOGHURT;MILKDTOT
11695;RYPSIÖLJY, KYLMÄPURISTETTU;FOOD;IND;100;OIL;FATTOT;OIL;FATTOT
11700;SOIJAPROTEIINI KONSENTRAATTI, 58 % PROTEIINIA;FOOD;IND;100;SOYAPROD;LEGUTOT;INGRMISC;MISCTOT
11701;PALMUYDINÖLJY;FOOD;IND;100;OIL;FATTOT;OIL;FATTOT
11723;JOGURTTI, MAUSTETTU, RASVAA 3 %;FOOD;IND;100;YOGHURHI;MILKTOT;YOGHURT;MILKDTOT
11725;VIILI, MAUSTETTU, RASVAA 2 %;FOOD;IND;100;MILKCURL;MILKTOT;MILKCURL;MILKDTOT
11726;VIILI, MAUSTETTU, RASVAA 1 %, VL;FOOD;IND;100;MILKCURL;MILKTOT;MILKCURL;MILKDTOT
11727;JOGURTTI, MAUSTETTU, RASVAA 2,5 %;FOOD;IND;100;YOGHURHI;MILKTOT;YOGHURT;MILKDTOT
11734;SIITAKESIENI;FOOD;RAW;100;MUSHRO;VEGTOT;MUSHRDI;VEGDITOT
11735;OSTERIVINOKAS;FOOD;RAW;100;MUSHRO;VEGTOT;MUSHRDI;VEGDITOT
11736;JOGURTTI, MAUSTAMATON, RASVAA 1,5 %;FOOD;IND;100;YOGHURHI;MILKTOT;YOGHURT;MILKDTOT
11739;KASVIRASVALEVITE 35 %, BECEL PRO-ACTIV;FOOD;IND;100;VEGFATLO;FATTOT;VEGFATLO;FATTOT
28905;JAUHO, TÄYSJYVÄVEHNÄJAUHO;FOOD;RAW;100;WHEAT;CERTOT;FLOUR;CEBAKTOT
28909;MAKARONI, RUISMAKARONI;FOOD;RAW;100;WHEAT;CERTOT;PASTAADD;CEBAKTOT
28910;RIISI TUMMA;FOOD;RAW;100;RICE;CERTOT;RICEADD;CEBAKTOT
28913;PERUNA, PUNNITTU KUORINEEN;FOOD;RAW;85;POTATO;POTATOT;POTACOOK;POTATOT
28915;MELONI, VERKKO/CANTALOUPEMELONI, PUNNITTU KUORINEEN;FOOD;RAW;50;FRUITOTH;FRUITTOT;FRUFRESH;FRUDITOT
28916;OMENA, KESKIARVO, PUNNITTU KUORINEEN;FOOD;RAW;87;APPLE;FRUITTOT;FRUFRESH;FRUDITOT
28917;PÄÄRYNÄ, PUNNITTU KUORINEEN;FOOD;RAW;88;APPLE;FRUITTOT;FRUFRESH;FRUDITOT
28918;LUUMU, TUMMA, PUNNITTU KIVINEEN;FOOD;RAW;92;APPLE;FRUITTOT;FRUFRESH;FRUDITOT
28919;LUUMU, TUMMA, KUIVATTU, PUNNITTU KIVINEEN;FOOD;DRIE;83;APPLE;FRUITTOT;SNACKVEG;SNACKTOT
28920;KIRSIKKA, PUNNITTU KIVINEEN;FOOD;RAW;91;FRUITOTH;FRUITTOT;FRUFRESH;FRUDITOT
28921;APRIKOOSI, KESKIARVO, PUNNITTU KIVINEEN;FOOD;RAW;94;APPLE;FRUITTOT;FRUFRESH;FRUDITOT
28922;PERSIKKA/NEKTARIINI, KESKIARVO, PUNNITTU KIVINEEN;FOOD;RAW;87;APPLE;FRUITTOT;FRUFRESH;FRUDITOT
28923;ANANAS, TUORE, PUNNITTU KUORINEEN;FOOD;RAW;53;FRUITOTH;FRUITTOT;FRUFRESH;FRUDITOT
28924;APPELSIINI, PUNNITTU KUORINEEN;FOOD;RAW;72;CITRUS;FRUITTOT;FRUFRESH;FRUDITOT
28925;SITRUUNA, KESKIARVO, PUNNITTU KUORINEEN;FOOD;RAW;65;CITRUS;FRUITTOT;FRUFRESH;FRUDITOT
28926;GREIPPI, KESKIARVO, PUNNITTU KUORINEEN;FOOD;RAW;65;CITRUS;FRUITTOT;FRUFRESH;FRUDITOT
28927;MAKKARA, KASVISMAKKARA, SOIJAPITOINEN;FOOD;IND;100;SOYAPROD;LEGUTOT;LEGUPROD;LEGUTOT
28928;VIININLEHTI, SÄILÖTTY SUOLALIEMEEN;FOOD;CANN;100;VEGCANN;VEGTOT;VEGCANN;VEGDITOT
28929;JAUHELIHA, LAMPAAN, RASVAA 14 %;FOOD;RAW;100;LAMM;MEATTOT;MSTEAK;MEATDTOT
28930;JAUHELIHA, BROILERIN;FOOD;RAW;100;POULTRY;MEATTOT;POULTRY;MEATDTOT
28931;VESIMELONI, PUNNITTU KUORINEEN;FOOD;RAW;55;FRUITOTH;FRUITTOT;FRUFRESH;FRUDITOT
28932;VIINIRYPÄLE, KESKIARVO, PUNNITTU KIVINEEN, VIHREÄ/TUMMA;FOOD;RAW;95;FRUITOTH;FRUITTOT;FRUFRESH;FRUDITOT
28933;AVOKADO, PUNNITTU KUORINEEN JA KIVINEEN;FOOD;RAW;71;FRUITOTH;FRUITTOT;FRUFRESH;FRUDITOT
28934;BANAANI, PUNNITTU KUORINEEN;FOOD;RAW;67;FRUITOTH;FRUITTOT;FRUFRESH;FRUDITOT
28935;MANDARIINI, KESKIARVO, PUNNITTU KUORINEEN;FOOD;RAW;80;CITRUS;FRUITTOT;FRUFRESH;FRUDITOT
28936;VIIKUNA, KUIVATTU, PUNNITTU KANTOINEEN;FOOD;DRIE;97;FRUITOTH;FRUITTOT;SNACKVEG;SNACKTOT
28937;TAATELI, KUIVATTU, PUNNITTU KIVINEEN;FOOD;DRIE;87;FRUITOTH;FRUITTOT;SNACKVEG;SNACKTOT
28938;OLIIVI, KESKIARVO, KIVETÖN, ÖLJYSSÄ, VIHREÄ/MUSTA;FOOD;CANN;100;FRUITOTH;FRUITTOT;VEGCANN;VEGDITOT
28939;KIIVI, PUNNITTU KUORINEEN;FOOD;RAW;92;FRUITOTH;FRUITTOT;FRUFRESH;FRUDITOT
28941;OMENA, KOTIMAINEN, KUORINEEN;FOOD;RAW;87;APPLE;FRUITTOT;FRUFRESH;FRUDITOT
28942;OMENA, ULKOMAINEN, KUORINEEN;FOOD;RAW;87;APPLE;FRUITTOT;FRUFRESH;FRUDITOT
28944;HUNAJAMELONI, PUNNITTU KUORINEEN;FOOD;RAW;50;FRUITOTH;FRUITTOT;FRUFRESH;FRUDITOT
28945;JAUHELIHA, KALKKUNAN, RASVAA 5-6 %;FOOD;RAW;100;POULTRY;MEATTOT;POULTRY;MEATDTOT
28946;JAUHELIHA, SIAN, RASVAA 16 %;FOOD;RAW;100;PORK;MEATTOT;MSTEAK;MEATDTOT
28947;PEKONI, FILEE, RASVAA 18 %;FOOD;SMOK;100;PORK;MEATTOT;MSTEAK;MEATDTOT
28962;MAISSINTÄHKÄ, KOKONAINEN;FOOD;RAW;60;VEGLEAF;VEGTOT;VEGFRESH;VEGDITOT
28991;KAHVI, CAFE AU LAIT, MAKEUTTAMATON, TÄYSMAITO;FOOD;MIX;100;COFFEE;BEVTOT;COFFEE;BEVTOT
28992;MAITO, TÄYSMAITO, KEITETTY;DISH;BOIL;100;DISH;NONINGR;MILKHF;MILKDTOT
28993;KAHVI, CAFFE LATTE, MAKEUTTAMATON, TÄYSMAITO;FOOD;MIX;100;COFFEE;BEVTOT;COFFEE;BEVTOT
29008;KASVISLIEMIKUUTIO;FOOD;IND;100;INGRMIS;INGRTOT;INGRMISC;MISCTOT
29009;KANALIEMIKUUTIO, SISÄLTÄÄ VEHNÄÄ;FOOD;IND;100;INGRMIS;INGRTOT;INGRMISC;MISCTOT
29010;KALALIEMIKUUTIO;FOOD;IND;100;INGRMIS;INGRTOT;INGRMISC;MISCTOT
29014;KOOKOSMAITO, KOOKOSJUOMA;FOOD;CANN;100;LEGULIQ;LEGUTOT;VEGJUICE;VEGDITOT
29055;NUUDELI, RIISINUUDELI;FOOD;RAW;100;RICE;CERTOT;RICEADD;CEBAKTOT
29060;JUUSTO, SALAATTIJUUSTO, RASVAA 12-15 %, LEHMÄNMAITO, SUOLALIEMESSÄ;FOOD;IND;100;CHEEUNLO;MILKTOT;CHEESUNC;MILKDTOT
29064;MAITO, KEVYTMAITO, LAKTOOSITON MAITOJUOMA, D-VITAMIINIA 1 UG;FOOD;IND;100;MILKLF;MILKTOT;MILKLF;MILKDTOT
29065;RUOANVALMISTUSKERMA, RASVAA 15 %;FOOD;IND;100;CREAM;MILKTOT;CREAM;MILKDTOT
29066;KERMA, KUOHUKERMA, RASVAA 35 %;FOOD;IND;100;CREAM;MILKTOT;CREAM;MILKDTOT
29070;ENERGIAJUOMA, VITAMINOITU;FOOD;IND;100;DRINKCO;BEVTOT;DRINKSO;BEVTOT
29089;JOGURTTI, JUOTAVA, RASVAA 0,1 %;FOOD;IND;100;YOGHURLO;MILKTOT;YOGHURT;MILKDTOT
29091;KAHVI, CAPPUCCINO, MAKEUTTAMATON, RASVATON MAITO;FOOD;MIX;100;COFFEE;BEVTOT;COFFEE;BEVTOT
29128;VIILI, MAUSTAMATON, RASVATON;FOOD;IND;100;MILKCURL;MILKTOT;MILKCURL;MILKDTOT
29135;SIIDERI, KUIVA, 4,7 TIL% ALKOHOLIA;FOOD;IND;100;CIDER;ALCTOT;CIDER;ALCTOT
29150;MEHU, MEHUJUOMA, PUOLUKKA, LAIMENNETTU;FOOD;MIX;100;FBDRINK;FRUITTOT;DRJUICE;BEVTOT
29155;KAAKAORASVA;FOOD;IND;100;FATCOOK;FATTOT;FATCOOK;FATTOT
29156;SUKLAA, VALKOINEN, VALKOSUKLAA;FOOD;IND;100;CHOCOLAT;SUGARTOT;CHOCOL;SUGARTOT
29159;MARGARIINI 40 %, TEOLLINEN TUOTEKESKIARVO;FOOD;IND;100;VEGFATLO;FATTOT;VEGFATLO;FATTOT
29160;KANANMUNA, KUORINEEN PUNNITTU;FOOD;RAW;88;EGG;EGGTOT;EGGS;EGGDISH
29207;SILAKKAFILEE;FOOD;RAW;100;FISH;FISHTOT;FISH;FISHDTOT
29208;KUSKUS;FOOD;RAW;100;WHEAT;CERTOT;PASTAADD;CEBAKTOT
29210;MAITO, KEVYTMAITO, EI LISÄTTY D-VITAMIINIA, LUOMU;FOOD;IND;100;MILKLF;MILKTOT;MILKLF;MILKDTOT
29211;MAITO, RASVATON, EI LISÄTTY D-VITAMIINIA, LUOMU;FOOD;IND;100;MILKFF;MILKTOT;MILKFF;MILKDTOT
29212;PIIMÄ, RASVATON, EI LISÄTTY D-VITAMIINIA, LUOMU;FOOD;IND;100;SOURMILK;MILKTOT;SMILK;MILKDTOT
29215;MEHU, MEHUJUOMA, C-VITAMIINIA;FOOD;IND;100;FBDRINK;FRUITTOT;DRJUICE;BEVTOT
29217;KANGASROUSKU;FOOD;RAW;100;MUSHRO;VEGTOT;MUSHRDI;VEGDITOT
29228;JUUSTO, FETAJUUSTO, VUOHENMAITO, ÖLJYSSÄ;FOOD;IND;100;CHEEUNHI;MILKTOT;CHEESUNC;MILKDTOT
29237;LESE, RUISLESE;FOOD;RAW;100;RYE;CERTOT;FLOUR;CEBAKTOT
29239;JUUSTO, MOZZARELLA, RASVAA 20 %, TUOREJUUSTO;FOOD;IND;100;CHEEUNHI;MILKTOT;CHEESUNC;MILKDTOT
29409;MARGARIINI 60 %, BECEL LAKTOOSITON;FOOD;IND;100;VEGFATHI;FATTOT;VEGFATHI;FATTOT
29410;HERKKUTATTI;FOOD;RAW;100;MUSHRO;VEGTOT;MUSHRDI;VEGDITOT
29412;ÄIDINMAIDONKORVIKE, JAUHE, TUOTEKESKIARVO;FOOD;DRIE;100;MMILK;DIETTOT;INFMILK;MMILK
29413;ÄIDINMAIDONKORVIKE, KÄYTTÖVALMIS, TUOTEKESKIARVO;FOOD;IND;100;MMILK;DIETTOT;INFMILK;MMILK
29496;MAKARONI, GLUTEENITON;FOOD;RAW;100;CEROTH;CERTOT;PASTAADD;CEBAKTOT
29499;JAUHO, JAUHOSEOS, LUONTAISESTI GLUTEENITON, RIISI-MAISSI-PERUNA;FOOD;MIX;100;CEROTH;CERTOT;FLOUR;CEBAKTOT
29501;TONIKKI, TONIC VESI;FOOD;IND;100;SDRINK;BEVTOT;DRINKSO;BEVTOT
29685;TÄYSMEHU, LUUMUTÄYSMEHU;FOOD;BOIL;100;JUICE;FRUITTOT;FRUBJUIC;FRUDITOT
29687;MAKEINEN, SALMIAKKIMAKEINEN;FOOD;IND;100;SWEET;SUGARTOT;SWEET;SUGARTOT
29819;PIIMÄ, GEFILUS-PIIMÄ, RASVATON, D-VIT 1 UG, PROBIOOTTEJA;FOOD;IND;100;SOURMILK;MILKTOT;SMILK;MILKDTOT
29822;JAUHO, MAISSIJAUHO, KARKEA, POLENTAJAUHO;FOOD;RAW;100;CEROTH;CERTOT;FLOUR;CEBAKTOT
29823;JAUHO, MAISSIJAUHO, HIENOKSI JAUHETTU;FOOD;RAW;100;CEROTH;CERTOT;FLOUR;CEBAKTOT
29975;ATERIANKORVIKE, PROTEIINIJUOMAJAUHE, HERBALIFE FORMULA 1, 35 % PROTEIINIA;FOOD;IND;100;MEALREP;DIETTOT;MEALREP;SPECTOT
30051;TÄYSKSYLITOLIPASTILLI;FOOD;IND;100;SWEET;SUGARTOT;SWEET;SUGARTOT
30104;JAUHO, TAPIOKA;FOOD;DRIE;100;STARCH;CERTOT;FLOUR;CEBAKTOT
30187;MAISSINAKSU, SUOLATON;FOOD;IND;100;CEROTH;CERTOT;SNACKSAV;SNACKTOT
30190;JAUHO, KAURAJAUHO;FOOD;RAW;100;OAT;CERTOT;FLOUR;CEBAKTOT
30193;PASTA, MONIVILJAPASTA, VEHNÄ, RUIS, OHRA;FOOD;RAW;100;WHEAT;CERTOT;PASTAADD;CEBAKTOT
30194;URHEILUJUOMA, HIILIHYDRAATTIJUOMA, POWERADE, GATORADE;FOOD;IND;100;DRSPORT;BEVTOT;DRSPORT;BEVTOT
30207;SOIJAJUOMA, KALSIUMIA;FOOD;IND;100;LEGULIQ;LEGUTOT;VEGJUICE;VEGDITOT
30208;KAURAJUOMA, MAIDOTON, LISÄTTY KALSIUMIA;FOOD;IND;100;OATLIQ;CERTOT;VEGJUICE;VEGDITOT
30209;KAURAJUOMA, MAIDOTON, LISÄTTY KALSIUMIA JA VITAMIINEJA;FOOD;IND;100;OATLIQ;CERTOT;VEGJUICE;VEGDITOT
30210;KAURAJUOMA, MAIDOTON, OAT DRINK;FOOD;IND;100;OATLIQ;CERTOT;VEGJUICE;VEGDITOT
30211;KAURAVALMISTE, VAIHTOEHTO KERMALLE, RASVAA 15 %;FOOD;IND;100;OATLIQ;CERTOT;CREAM;MILKDTOT
30212;RIISIJUOMA, LISÄTTY KALSIUMIA;FOOD;IND;100;CEROTLIQ;CERTOT;VEGJUICE;VEGDITOT
30214;VESIKASTANJA;FOOD;RAW;100;ROOT;VEGTOT;VEGFRESH;VEGDITOT
30221;RIISI-KAURASEOS;FOOD;RAW;100;RICE;CERTOT;RICEADD;CEBAKTOT
30223;BATAATTI, KUORITTU;FOOD;RAW;100;ROOT;VEGTOT;VEGFRESH;VEGDITOT
30224;VIRVOITUSJUOMA, KOLAJUOMA LIGHT, KEINOTEKOISESTI MAKEUTETTU;FOOD;IND;100;DRINKART;BEVTOT;DRINKART;BEVTOT
30265;BROILERIN SIIPI, NAHKOINEEN;FOOD;RAW;100;POULTRY;MEATTOT;POULTRY;MEATDTOT
30268;BROILERIN SIIPI, NAHATON;FOOD;RAW;100;POULTRY;MEATTOT;POULTRY;MEATDTOT
30271;BROILERIN SIIPI, MARINOITU, RAAKA;FOOD;MIX;100;POULTRY;MEATTOT;POULTRY;MEATDTOT
30273;LEIKKELEMAKKARA, BALKAN/KINKKUMAKKARA, RASVAA 16 %;FOOD;IND;100;SAUSCUTS;MEATTOT;SAUSCUTS;MEATDTOT
30274;LEIKKELEMAKKARA, BALKANMAKKARA, RASVAA 21,5 %;FOOD;IND;100;SAUSCUTS;MEATTOT;SAUSCUTS;MEATDTOT
30275;LEIKKELEMAKKARA, GOUTERMAKKARA, RASVAA 12 %;FOOD;IND;100;SAUSCUTS;MEATTOT;SAUSCUTS;MEATDTOT
30278;MUIKKUSÄILYKE, TOMAATTIKASTIKKEESSA;FOOD;CANN;100;FISHPROD;FISHTOT;FISHPROD;FISHDTOT
30279;LEIKKELEMAKKARA, LAUANTAIMAKKARA, KEVYT, RASVAA 14,5 %;FOOD;IND;100;SAUSCUTS;MEATTOT;SAUSCUTS;MEATDTOT
30281;NAKKI, JUUSTOINEN;FOOD;IND;100;SAUSAGE;MEATTOT;SAUSAGE;MEATDTOT
30292;LENKKIMAKKARA, JUUSTOINEN;FOOD;IND;100;SAUSAGE;MEATTOT;SAUSAGE;MEATDTOT
30295;LEIKKELEMAKKARA, BALKANMAKKARA/KINKKUMAKKARA, KEVYT, RASVAA 9 %;FOOD;IND;100;SAUSCUTS;MEATTOT;SAUSCUTS;MEATDTOT
30305;MEETVURSTI, KEVYT, RASVAA 15 %;FOOD;IND;100;SAUSCUTS;MEATTOT;SAUSCUTS;MEATDTOT
30306;MEETVURSTI;FOOD;IND;100;SAUSCUTS;MEATTOT;SAUSCUTS;MEATDTOT
30310;SULATEJUUSTO, RASVAA 5 %, VÄHÄRASVAINEN;FOOD;IND;100;CHEEPRLO;MILKTOT;CHEESPRO;MILKDTOT
30317;NAKKI, TUOTEKESKIARVO;FOOD;IND;100;SAUSAGE;MEATTOT;SAUSAGE;MEATDTOT
30318;LENKKIMAKKARA, KESKIARVO;FOOD;IND;100;SAUSAGE;MEATTOT;SAUSAGE;MEATDTOT
30319;LEIKKELEMAKKARA, JAHTIMAKKARA, RASVAA 18 %;FOOD;IND;100;SAUSCUTS;MEATTOT;SAUSCUTS;MEATDTOT
30321;GRILLIMAKKARA, KEVYT, TUOTEKESKIARVO;FOOD;IND;100;SAUSAGE;MEATTOT;SAUSAGE;MEATDTOT
30322;RYYNIMAKKARA, TUOTEKESKIARVO;FOOD;IND;100;SAUSAGE;MEATTOT;SAUSAGE;MEATDTOT
30324;LENKKIMAKKARA, KEVYT, TUOTEKESKIARVO;FOOD;IND;100;SAUSAGE;MEATTOT;SAUSAGE;MEATDTOT
30325;NAKKI, KEVYT, TUOTEKESKIARVO;FOOD;IND;100;SAUSAGE;MEATTOT;SAUSAGE;MEATDTOT
30369;RAAKAMAKKARA, SISKONMAKKARA;FOOD;RAW;100;SAUSAGE;MEATTOT;SAUSAGE;MEATDTOT
30370;GRILLIMAKKARA, JUUSTOINEN, LIHAISA;FOOD;IND;100;SAUSAGE;MEATTOT;SAUSAGE;MEATDTOT
30371;MAKKARA, VERIMAKKARA, MUSTAMAKKARA;FOOD;IND;100;OFFAL;MEATTOT;OFFALDI;MEATDTOT
30372;MAKSAMAKKARA, MAKSAPASTEIJA, KESKIARVO;FOOD;IND;100;OFFAL;MEATTOT;OFFALDI;MEATDTOT
30373;MAKSAMAKKARA, MAKSAPASTEIJA, KEVYT, KESKIARVO;FOOD;IND;100;OFFAL;MEATTOT;OFFALDI;MEATDTOT
30374;GRILLIMAKKARA, JUUSTOINEN;FOOD;IND;100;SAUSAGE;MEATTOT;SAUSAGE;MEATDTOT
30380;TEE, JÄÄTEE;FOOD;IND;100;TEA;BEVTOT;DRINKOTH;BEVTOT
30388;MEHU, MEHUJUOMA, OSITTAIN KEINOTEKOISESTI MAKEUTETTU;FOOD;IND;100;FBDRINK;FRUITTOT;DRINKART;BEVTOT
30390;MEHU, MEHUJUOMA, KEVYT, OSITTAIN KEINOTEKOISESTI MAKEUTETTU;FOOD;IND;100;FBDRINK;FRUITTOT;DRJUICE;BEVTOT
30391;TÄYSMEHU, PÄÄRYNÄTÄYSMEHU;FOOD;MASH;100;JUICE;FRUITTOT;FRUBJUIC;FRUDITOT
30392;MEHU, MEHUJUOMA;FOOD;IND;100;FBDRINK;FRUITTOT;DRJUICE;BEVTOT
30394;MEHUJUOMATIIVISTE, KESKIARVO;FOOD;IND;100;FBDRINK;FRUITTOT;DRJUICE;BEVTOT
30395;TÄYSMEHU, KARPALO-PUOLUKKATÄYSMEHU;FOOD;IND;100;JUICE;FRUITTOT;FRUBJUIC;FRUDITOT
30396;MEHU, MEHUJUOMA, SOKERITON, KEINOTEKOISESTI MAKEUTETTU;FOOD;IND;100;FBDRINK;FRUITTOT;DRINKART;BEVTOT
30402;JUUSTO, PUOLIKOVA JUUSTO, RASVAA 5 %;FOOD;IND;100;CHEECULO;MILKTOT;CHEESCUR;MILKDTOT
30406;RAEJUUSTO, RASVAA 2-5 %, LAKTOOSITON;FOOD;IND;100;CHEEUNLO;MILKTOT;CHEESUNC;MILKDTOT
30423;MAITO, RASVATON, LAKTOOSITON MAITOJUOMA, D-VITAMIINIA 1 UG;FOOD;IND;100;MILKFF;MILKTOT;MILKFF;MILKDTOT
30429;JUUSTO, VALKOHOMEJUUSTO, RASVAA 16 %, CAMEMBERT/BRIE;FOOD;IND;100;CHEECUHI;MILKTOT;CHEESCUR;MILKDTOT
30430;SIIDERI, KUIVA, 5,5 TIL% ALKOHOLIA;FOOD;IND;100;CIDER;ALCTOT;CIDER;ALCTOT
30432;SIIDERIJUOMA, 0,7 TIL% ALKOHOLIA;FOOD;IND;100;DRINKOTH;BEVTOT;DRINKOTH;BEVTOT
30440;RIISISUKLAA;FOOD;IND;100;CHOCOLAT;SUGARTOT;CHOCOL;SUGARTOT
30443;TUOREJUUSTO, RASVAA 15 %, MAUSTETTU, CREME BONJOUR LIGHT;FOOD;IND;100;CHEEUNLO;MILKTOT;CHEESUNC;MILKDTOT
30444;TOMAATTI, AURINKOKUIVATTU, ÖLJYSSÄ;FOOD;CANN;100;VEGCANN;VEGTOT;VEGCANN;VEGDITOT
30449;VIILI, MAUSTAMATON, RASVAA 1 %, YKKÖSVIILI, VL;FOOD;IND;100;MILKCURL;MILKTOT;MILKCURL;MILKDTOT
30450;VIILI, MAUSTETTU, RASVAA 2 %, VL;FOOD;IND;100;MILKCURL;MILKTOT;MILKCURL;MILKDTOT
30451;KIVENNÄISVESI, FRUKTOOSILLA MAKEUTETTU;FOOD;IND;100;SDRINK;BEVTOT;DRWATER;BEVTOT
30452;JOGURTTI, JUOTAVA, RASVAA 0,1 %, VL;FOOD;IND;100;YOGHURLO;MILKTOT;YOGHURT;MILKDTOT
30454;KERMAVIILI, RASVAA 6 %, VL;FOOD;IND;100;SOUCREAM;MILKTOT;SOUCREAM;MILKDTOT
30455;KERMAVIILI, RASVAA 3,5 % ,VL;FOOD;IND;100;SOUCREAM;MILKTOT;SOUCREAM;MILKDTOT
30570;MALTODEKSTRIINI;FOOD;X;100;STARCH;CERTOT;INGRMISC;MISCTOT
30572;GRILLIMAKKARA, TUOTEKESKIARVO;FOOD;IND;100;SAUSAGE;MEATTOT;SAUSAGE;MEATDTOT
30573;GRILLIMAKKARA, LIHAISA, TUOTEKESKIARVO;FOOD;IND;100;SAUSAGE;MEATTOT;SAUSAGE;MEATDTOT
30574;MEHU, HÖYRYMEHU, MUSTAHERUKKA, LAIMENTAMATON, SOKERITON;FOOD;BOIL;100;FBDRINK;FRUITTOT;DRJUICE;BEVTOT
30575;MEHU, HÖYRYMEHU, MUSTAHERUKKA, LAIMENNETTU, SOKERITON;FOOD;BOIL;100;FBDRINK;FRUITTOT;DRJUICE;BEVTOT
30576;MEHU, GEFILUS, PROBIOOTTEJA, TUOTEKESKIARVO;FOOD;IND;100;FBDRINK;FRUITTOT;DRJUICE;BEVTOT
30606;TÄYSMEHU, C-VITAMIINIA, D-VITAMIINIA, PROBIOOTTEJA;FOOD;MIX;100;JUICE;FRUITTOT;FRUBJUIC;FRUDITOT
30607;MEHU, MEHUJUOMA, KUITUA;FOOD;IND;100;FBDRINK;FRUITTOT;DRJUICE;BEVTOT
30610;VOI, VÄHÄSUOLAINEN;FOOD;IND;100;BUTTER;FATTOT;BUTTER;FATTOT
30616;MARGARIINI 40 %, RAINBOW;FOOD;IND;100;VEGFATLO;FATTOT;VEGFATLO;FATTOT
30617;KASVIRASVALEVITE 70 %, KEIJU LAKTOOSITON, D-VIT 20 UG;FOOD;IND;100;VEGFATHI;FATTOT;VEGFATHI;FATTOT
30619;MARGARIINI 60 %, KEIJU NORMAALISUOLAINEN, D-VIT 20 UG;FOOD;IND;100;VEGFATHI;FATTOT;VEGFATHI;FATTOT
30629;MARGARIINI 60 %, KULTARYPSI;FOOD;IND;100;VEGFATHI;FATTOT;VEGFATHI;FATTOT
30631;MARGARIINI 60 %, TEOLLINEN TUOTEKESKIARVO;FOOD;IND;100;VEGFATHI;FATTOT;VEGFATHI;FATTOT
30633;MEHUJUOMATIIVISTE, VITAMINOITU;FOOD;IND;100;FBDRINK;FRUITTOT;DRJUICE;BEVTOT
30636;SIIDERI, KEVYT, 4,7 TIL% ALKOHOLIA;FOOD;IND;100;CIDER;ALCTOT;CIDER;ALCTOT
30638;GIN LONG DRINK, KEVYT 4,7 TIL%;FOOD;IND;100;ALCOTH;ALCTOT;ALCOTH;ALCTOT
30641;KANANMUNA, OMEGA, KUORETON;FOOD;RAW;100;EGG;EGGTOT;EGGS;EGGDISH
30646;RUOANVALMISTUSKERMA, RASVAA 5 %, VL;FOOD;IND;100;CREAM;MILKTOT;CREAM;MILKDTOT
30665;ATERIANKORVIKE, PROTEIINIPATUKKA, KESKIARVO, N. 30 % PROTEIINIA;FOOD;IND;100;MEALREP;DIETTOT;MEALREP;SPECTOT
30673;RAHKA, MAUSTETTU, RASVAA 3,5 %;FOOD;IND;100;CURD;MILKTOT;CURD;MILKDTOT
30792;BROILERI, KOIPI-REISI, NAHATON;FOOD;RAW;100;POULTRY;MEATTOT;POULTRY;MEATDTOT
30799;JÄLKIRUOKAKASTIKE, VANILJAKASTIKE, KAURAPOHJAINEN;FOOD;IND;100;OATLIQ;CERTOT;DESSAUCE;MISCTOT
30800;JÄÄTELÖ, KAURAJÄÄTELÖ;FOOD;IND;100;OATLIQ;CERTOT;ICECREAM;MILKDTOT
30801;KOKOLIHALEIKKELE, PARMANKINKKU, ILMAKUIVATTU KINKKU, RASVAA 15 %;FOOD;DRIE;100;MEATCUTS;MEATTOT;MEATCUTS;MEATDTOT
30914;FENKOLI, SALAATTIFENKOLI;FOOD;RAW;100;VEGLEAF;VEGTOT;VEGFRESH;VEGDITOT
30925;MAJONEESI, RASVAA 80 %;FOOD;IND;100;SALADDRE;FATTOT;SALADDRE;FATTOT
30926;MAJONEESI, RASVATON;FOOD;MIX;100;SALADDRE;FATTOT;SALADDRE;FATTOT
30968;PINJANSIEMEN;FOOD;DRIE;100;NUTSEED;LEGUTOT;SNACKVEG;SNACKTOT
30991;PELLAVANSIEMEN, KOKONAINEN;FOOD;DRIE;100;NUTSEED;LEGUTOT;SNACKVEG;SNACKTOT
31139;PASTA, VEHNÄNALKIOPASTA;FOOD;RAW;100;WHEAT;CERTOT;PASTAADD;CEBAKTOT
31144;SIANLIHASUIKALE, MARINOITU, RAAKA;FOOD;MIX;100;PORK;MEATTOT;MSTEAK;MEATDTOT
31145;NAUDANLIHASUIKALE, MARINOITU, RAAKA;FOOD;MIX;100;BEEF;MEATTOT;MSTEAK;MEATDTOT
31160;RUOKASOODA;FOOD;DRIE;100;INGRMIS;INGRTOT;INGRMISC;MISCTOT
31174;PASTA, TUMMA PROTEIINIPASTA;FOOD;RAW;100;WHEAT;CERTOT;PASTAADD;CEBAKTOT
31175;KVINOA, SIEMEN;FOOD;RAW;100;CEROTH;CERTOT;FLOUR;CEBAKTOT
31211;KURPITSANSIEMEN;FOOD;DRIE;100;NUTSEED;LEGUTOT;SNACKVEG;SNACKTOT
31212;PÄHKINÄ, PISTAASIPÄHKINÄ;FOOD;DRIE;100;NUTSEED;LEGUTOT;SNACKVEG;SNACKTOT
31213;PAPU, MUNGOPAPU, KEITETTY, LISÄTTY SUOLAA;FOOD;BOIL;100;PEABEAN;LEGUTOT;LEGUMES;LEGUTOT
31214;PAPU, KIDNEYPAPU, KEITETTY;FOOD;BOIL;100;PEABEAN;LEGUTOT;LEGUMES;LEGUTOT
31216;PAPU, ADUKIPAPU, KUIVATTU;FOOD;DRIE;100;PEABEAN;LEGUTOT;LEGUMES;LEGUTOT
31217;PAPU, ADUKIPAPU, KEITETTY, SUOLATON;FOOD;BOIL;100;PEABEAN;LEGUTOT;LEGUMES;LEGUTOT
31218;KIKHERNE, KUIVATTU;FOOD;DRIE;100;PEABEAN;LEGUTOT;LEGUMES;LEGUTOT
31219;LINSSI, PUNAINEN, KUIVATTU;FOOD;DRIE;100;PEABEAN;LEGUTOT;LEGUMES;LEGUTOT
31225;LINSSI, PUNAINEN, KEITETTY;FOOD;BOIL;100;PEABEAN;LEGUTOT;LEGUMES;LEGUTOT
31226;JAUHO, SPELTTIJAUHO, TÄYSJYVÄ;FOOD;RAW;100;WHEAT;CERTOT;FLOUR;CEBAKTOT
31228;JÄÄTELÖ, KAURAJÄÄTELÖ, PUIKKO;FOOD;IND;100;OATLIQ;CERTOT;ICECREAM;MILKDTOT
31229;JÄÄTELÖ, SOIJAJÄÄTELÖPUIKKO, SUKLAAKUORRUTE;FOOD;IND;100;LEGULIQ;LEGUTOT;ICECREAM;MILKDTOT
31231;SOIJAVALMISTE, VAIHTOEHTO KERMALLE, RASVAA 17,5 %;FOOD;IND;100;LEGULIQ;LEGUTOT;CREAM;MILKDTOT
31233;PAPU, HÄRKÄPAPU, KUIVATTU, KEITETTY, LISÄTTY SUOLA;FOOD;BOIL;100;PEABEAN;LEGUTOT;LEGUMES;LEGUTOT
31237;AMARANTTI, HIUTALE;FOOD;RAW;100;CEROTH;CERTOT;FLOUR;CEBAKTOT
31238;JOHANNEKSENLEIPÄPUUJAUHE, CAROB-JAUHE;FOOD;DRIE;100;INGRMIS;INGRTOT;INGRMISC;MISCTOT
31246;SOIJAJUOMA, VITAMINOITU;FOOD;IND;100;LEGULIQ;LEGUTOT;VEGJUICE;VEGDITOT
31247;SOIJAJUOMA, EI LISÄTTYÄ SOKERIA;FOOD;IND;100;LEGULIQ;LEGUTOT;VEGJUICE;VEGDITOT
31248;SOIJAJUOMA, SUKLAA, VITAMINOITU;FOOD;IND;100;LEGULIQ;LEGUTOT;VEGJUICE;VEGDITOT
31249;TEMPEH;FOOD;IND;100;SOYAPROD;LEGUTOT;INGRMISC;MISCTOT
31252;RIISIKAKKU, RIISIKEKSI;FOOD;IND;100;RICE;CERTOT;BISCUSAV;CEBAKTOT
31253;RIISI-MAISSIKAKKU;FOOD;IND;100;RICE;CERTOT;BISCUSAV;CEBAKTOT
31254;SUKLAARUSINA;FOOD;IND;100;FRUITOTH;FRUITTOT;SNACKVEG;SNACKTOT
31256;PASTA, TUOREPASTA, KANANMUNAA;FOOD;RAW;100;WHEAT;CERTOT;PASTAADD;CEBAKTOT
31457;PUOLUKKAHILLO;FOOD;CANN;100;JAM;SUGARTOT;JAM;SUGARTOT
31459;OMENAHILLO;FOOD;CANN;100;JAM;SUGARTOT;JAM;SUGARTOT
31482;MAKARONI, PASTA, KANANMUNAA;FOOD;RAW;100;WHEAT;CERTOT;PASTAADD;CEBAKTOT
31487;MAITOJAUHE, RASVATON, VL, D-VITAMIINIA 5 UG;FOOD;DRIE;100;MILKINGR;MILKTOT;INGRMISC;MISCTOT
31488;MAITOJAUHE, RASVATON, LAKTOOSITON, D-VITAMIINIA 5 UG;FOOD;DRIE;100;MILKINGR;MILKTOT;INGRMISC;MISCTOT
31495;PELLAVAÖLJY;FOOD;IND;100;OIL;FATTOT;OIL;FATTOT
31496;MAITOJAUHE, RASVATON, D-VITAMIINIA 5 UG;FOOD;DRIE;100;MILKINGR;MILKTOT;INGRMISC;MISCTOT
31497;MAITOJAUHE, RASVATON, VL;FOOD;DRIE;100;MILKINGR;MILKTOT;INGRMISC;MISCTOT
31498;MAITOJAUHE, RASVATON, LAKTOOSITON;FOOD;DRIE;100;MILKINGR;MILKTOT;INGRMISC;MISCTOT
31504;RASVASEOSLEVITE 70 %;FOOD;IND;100;BUTTHIGH;FATTOT;BUTTEHIG;FATTOT
31505;RASVASEOSLEVITE 75 %, LAKTOOSITON;FOOD;IND;100;BUTTHIGH;FATTOT;BUTTEHIG;FATTOT
31506;RASVASEOS 40 %, VL;FOOD;IND;100;BUTTHIGH;FATTOT;BUTTEHIG;FATTOT
31508;RASVASEOS, JUOKSEVA, 80%, KESKIARVO;FOOD;IND;100;FATCOOK;FATTOT;FATCOOK;FATTOT
31511;JOGURTTI, MAUSTETTU, RASVAA NOIN 4 %, LAKTOOSITON;FOOD;IND;100;YOGHURHI;MILKTOT;YOGHURT;MILKDTOT
31518;JÄÄTELÖ, JOGURTTIJÄÄTELÖ, RASVAA 9 %;FOOD;IND;100;ICECREAM;MILKTOT;ICECREAM;MILKDTOT
31525;SOIJAVÄLIPALA, ALPRO, HAPATETTU, MAUSTAMATON, RASVAA 2,3 %, KALSIUM, VITAMINOITU;FOOD;IND;100;SOYAPROD;LEGUTOT;YOGHURT;MILKDTOT
31530;VOI, LAKTOOSITON;FOOD;IND;100;BUTTER;FATTOT;BUTTER;FATTOT
31532;JAUHO, JAUHOSEOS, TUMMA, LUONTAISESTI GLUTEENITON;FOOD;MIX;100;CEROTH;CERTOT;FLOUR;CEBAKTOT
31534;JAUHO, JAUHOSEOS, GLUTEENITON, VEHNÄTÄRKKELYSTÄ, VITAMINOITU, MAITO;FOOD;MIX;100;CEROTH;CERTOT;FLOUR;CEBAKTOT
31536;KALAPUIKKO, LOHI, KYPSENTÄMÄTÖN;FOOD;FROZ;100;FISHPROD;FISHTOT;FISH;FISHDTOT
31537;PASTA, TÄYSJYVÄRIISIJAUHO, LUONTAISESTI GLUTEENITON;FOOD;RAW;100;RICE;CERTOT;PASTAADD;CEBAKTOT
31538;APRIKOOSISOSE, SOKERITON, C-VITAMINOITU;FOOD;MASH;100;FRUITCAN;FRUITTOT;FRUFRESH;FRUDITOT
31539;MARJASOSE, SOKERITON, C-VITAMINOITU;FOOD;MASH;100;FRUITCAN;FRUITTOT;BERFRESH;FRUDITOT
31544;JAUHO, JAUHOSEOS, VAALEA, LUONTAISESTI GLUTEENITON;FOOD;MIX;100;CEROTH;CERTOT;FLOUR;CEBAKTOT
31545;KETSUPPI, VÄHEMMÄN SUOLAA JA SOKERIA, FELIX;FOOD;IND;100;FLAVSAUC;FLAVTOT;SPISAUCE;MISCTOT
31550;JAUHO, JAUHOSEOS, VAALEA, GLUTEENITON, VEHNÄTÄRKKELYS, MAITOJAUHE;FOOD;MIX;100;CEROTH;CERTOT;FLOUR;CEBAKTOT
31552;GUAVA;FOOD;RAW;100;FRUITOTH;FRUITTOT;FRUFRESH;FRUDITOT
31553;MAITO, KEVYTMAITO, LAKTOOSITON MAITOJUOMA, EI LISÄTTY D-VITAMIINIA, LUOMU;FOOD;IND;100;MILKLF;MILKTOT;MILKLF;MILKDTOT
31555;GRANAATTIOMENA, KUORITTU;FOOD;RAW;100;FRUITOTH;FRUITTOT;FRUFRESH;FRUDITOT
31557;CHILI, VIHREÄ, TUORE;FOOD;RAW;100;VEGFRU;VEGTOT;VEGFRESH;VEGDITOT
31675;PASTA, SPAGETTI, MAKARONI, LUONTAISESTI GLUTEENITON;FOOD;RAW;100;CEROTH;CERTOT;PASTAADD;CEBAKTOT
31677;PASTA, SPAGETTI, LUONTAISESTI GLUTEENITON, KANANMUNAA;FOOD;RAW;100;CEROTH;CERTOT;PASTAADD;CEBAKTOT
31679;PASTA, KUITUPITOINEN, LUONTAISESTI GLUTEENITON;FOOD;RAW;100;CEROTH;CERTOT;PASTAADD;CEBAKTOT
31681;PSYLLIUM, SIEMENKUORIJAUHE;FOOD;IND;100;CEROTH;CERTOT;FLOUR;CEBAKTOT
31683;JAUHO, JAUHOSEOS, GLUTEENITON, VEHNÄTÄRKKELYSTÄ, VITAMINOITU;FOOD;MIX;100;CEROTH;CERTOT;FLOUR;CEBAKTOT
31692;JAUHO, KORPPUJAUHO, LUONTAISESTI GLUTEENITON;FOOD;IND;100;CEROTH;CERTOT;FLOUR;CEBAKTOT
31888;MAITO, RASVATON, VALIO PLUS, D-VITAMIINIA 2 UG;FOOD;IND;100;MILKFF;MILKTOT;MILKFF;MILKDTOT
31891;MAITO, TÄYSMAITO, VL, D-VITAMIINIA 1 UG;FOOD;IND;100;MILKHF;MILKTOT;MILKHF;MILKDTOT
31894;MAITO, KAHVIMAITO, RASVAA 2 %, LAKTOOSITON, D-VITAMIINIA 1 UG;FOOD;IND;100;MILKLF;MILKTOT;MILKLF;MILKDTOT
31900;PIIMÄ, RASVATON, LAKTOOSITON, D-VIT 1 UG;FOOD;IND;100;SOURMILK;MILKTOT;SMILK;MILKDTOT
31956;RAHKA, MAUSTETTU, RASVATON, KEINOTEKOISESTI MAKEUTETTU;FOOD;IND;100;CURD;MILKTOT;CURD;MILKDTOT
31959;RUOANVALMISTUSKERMA, MAUSTETTU, KOLMEN JUUSTON, RASVAA 10 % , VL;FOOD;IND;100;CREAM;MILKTOT;CREAM;MILKDTOT
31966;KERMA, KUOHUKERMA, KASVIRASVAKERMA, FLORA KUOHU, RASVAA 26 %;FOOD;IND;100;CREAM;MILKTOT;CREAM;MILKDTOT
31968;JÄÄTELÖ, KERMAJÄÄTELÖ, LAKTOOSITON;FOOD;IND;100;ICECREAM;MILKTOT;ICECREAM;MILKDTOT
31969;JÄÄTELÖ, KERMAJÄÄTELÖ, VL;FOOD;IND;100;ICECREAM;MILKTOT;ICECREAM;MILKDTOT
31970;JÄÄTELÖ, KERMAJÄÄTELÖÄ JA KEKSIÄ, PUFFET;FOOD;IND;100;ICECREAM;MILKTOT;ICECREAM;MILKDTOT
31971;JÄÄTELÖ, KEVYT, RASVAA 4,5 %;FOOD;IND;100;ICECREAM;MILKTOT;ICECREAM;MILKDTOT
31972;JÄÄTELÖ, KERMAJÄÄTELÖ, MAUSTETTU, CARTE D'OR STRACCIATELLA;FOOD;IND;100;ICECREAM;MILKTOT;ICECREAM;MILKDTOT
31990;JÄÄTELÖ, KERMAJÄÄTELÖ, MAUSTETTU, CARTE D'OR MASCARPONE;FOOD;IND;100;ICECREAM;MILKTOT;ICECREAM;MILKDTOT
31991;SORBETTI, VADELMASORBETTI, TEOLLINEN;FOOD;IND;100;BERRY;FRUITTOT;ICECREAM;MILKDTOT
31994;JÄÄTELÖ, SOIJAJÄÄTELÖTUUTTI, GLUTEENITON;FOOD;IND;100;LEGULIQ;LEGUTOT;ICECREAM;MILKDTOT
31996;JÄÄTELÖ, RIISIJÄÄTELÖ;FOOD;IND;100;CEROTLIQ;CERTOT;ICECREAM;MILKDTOT
31997;JÄÄTELÖ, JOGURTTIJÄÄTELÖ, RASVAA 4 %;FOOD;IND;100;ICECREAM;MILKTOT;ICECREAM;MILKDTOT
32000;JÄÄTELÖ, KERMAJÄÄTELÖPUIKKO, SUKLAA- JA KINUSKIKUORRUTE;FOOD;IND;100;ICECREAM;MILKTOT;ICECREAM;MILKDTOT
32001;JÄÄTELÖ, KERMAJÄÄTELÖ, MAUSTETTU, AINO KERMAINEN KARAMELLI;FOOD;IND;100;ICECREAM;MILKTOT;ICECREAM;MILKDTOT
32002;RAHKA, MAUSTETTU, RASVAA 2,9 %;FOOD;IND;100;CURD;MILKTOT;CURD;MILKDTOT
32004;SOIJAVALMISTE, VAIHTOEHTO KERMALLE, KEVYT, RASVAA 5,2 %;FOOD;IND;100;LEGULIQ;LEGUTOT;MILKHF;MILKDTOT
32005;KAURAVALMISTE, VAIHTOEHTO KERMALLE, KEVYT, RASVAA 7 %;FOOD;IND;100;OATLIQ;CERTOT;MILKHF;MILKDTOT
32006;RIISIVALMISTE, VAIHTOEHTO KERMALLE, KASVIRASVAVALMISTE, RASVAA 7 %;FOOD;IND;100;CEROTLIQ;CERTOT;MILKHF;MILKDTOT
32007;RIISIJUOMA, LISÄTTY KALSIUMIA JA D-VITAMIINIA;FOOD;IND;100;CEROTLIQ;CERTOT;VEGJUICE;VEGDITOT
32008;SOIJAJUOMA, ALPRO KEVYT, KALSIUMIA JA VITAMIINEJA;FOOD;IND;100;LEGULIQ;LEGUTOT;VEGJUICE;VEGDITOT
32010;JÄÄTELÖ, KERMAJÄÄTELÖ, JÄTSKIVENE;FOOD;IND;100;ICECREAM;MILKTOT;ICECREAM;MILKDTOT
32084;JOGURTTI, MAUSTETTU, RASVAA 2 %, LAKTOOSITON, D-VIT 0,5 UG;FOOD;IND;100;YOGHURHI;MILKTOT;YOGHURT;MILKDTOT
32085;(ARC) JOGURTTI, MAUSTETTU, A+, RASVAA 2 %, VL, D-VIT 1 UG;FOOD;IND;100;YOGHURHI;MILKTOT;YOGHURT;MILKDTOT
32088;JOGURTTI, MAUSTAMATON, BULGARIAN, RASVAA 3,5 %, D-VIT 1 UG;FOOD;IND;100;YOGHURHI;MILKTOT;YOGHURT;MILKDTOT
32101;MAJONEESI, KURKKUMAJONEESI, HAMPURILAISKASTIKE, HESBURGER;FOOD;IND;100;SALADDRE;FATTOT;SALADDRE;FATTOT
32136;JOGURTTI, MAUSTAMATON, ACTIVIA, RASVAA 3,4 %, PROBIOOTTEJA;FOOD;IND;100;YOGHURHI;MILKTOT;YOGHURT;MILKDTOT
32153;BEARNAISEKASTIKEJAUHE, KASTIKEAINEKSET, KNORR;FOOD;DRIE;100;INGRMIS;INGRTOT;INGRMISC;MISCTOT
32163;BEARNAISEKASTIKEJAUHE, KASTIKEAINEKSET, CAMPBELL'S/BLÅ BAND;FOOD;DRIE;100;INGRMIS;INGRTOT;INGRMISC;MISCTOT
32172;SOIJAVÄLIPALA, ALPRO, HAPATETTU, MAUSTETTU, RASVAA 2 %, KALSIUMIA, VITAMINOITU;FOOD;IND;100;LEGULIQ;LEGUTOT;YOGHURT;MILKDTOT
32175;HOLLANDAISEKASTIKEJAUHE, KASTIKEAINEKSET, CAMPBELL'S/BLÅ BAND;FOOD;DRIE;100;INGRMIS;INGRTOT;INGRMISC;MISCTOT
32177;SALAATINKASTIKE, THOUSAND ISLAND, KEVYT, FELIX, RYPSIÖLJYPOHJAINEN, RASVAA 15 %;FOOD;IND;100;SALADDRE;FATTOT;SALADDRE;FATTOT
32178;SALAATINKASTIKE, RANSKALAINEN, SAARIOINEN, RYPSIÖLJYPOHJAINEN, RASVAA 47 %;FOOD;IND;100;SALADDRE;FATTOT;SALADDRE;FATTOT
32179;SALAATINKASTIKE, KARTANON, KEVYT, SAARIOINEN, RYPSIÖLJYPOHJAINEN, RASVAA 23 %;FOOD;IND;100;SALADDRE;FATTOT;SALADDRE;FATTOT
32182;MUSTIKKA, KUIVATTU, MUSTIKKAJAUHE;FOOD;DRIE;100;BERRY;FRUITTOT;SNACKVEG;SNACKTOT
32189;VIILI, MAUSTETTU, RASVAA 2 %, D-VITAMIINIA 1 UG;FOOD;IND;100;MILKCURL;MILKTOT;MILKCURL;MILKDTOT
32191;NAKKI, BROILERNAKKI, 15 % RASVAA;FOOD;IND;100;SAUSAGE;MEATTOT;SAUSAGE;MEATDTOT
32197;NAKKI, KEVYT KALKKUNANAKKI, ATRIA;FOOD;IND;100;SAUSAGE;MEATTOT;SAUSAGE;MEATDTOT
32198;KOKOLIHALEIKKELE, OHUT BROILERINFILEE, RASVAA 2,2 %;FOOD;BAK;100;MEATCUTS;MEATTOT;MEATCUTS;MEATDTOT
32201;JOGURTTI, TURKKILAINEN/KREIKKALAINEN, RASVAA 10 %;FOOD;IND;100;YOGHURHI;MILKTOT;YOGHURT;MILKDTOT
32257;KOKOLIHALEIKKELE, OHUEN OHUT BROILERIN FILEELEIKE, RASVAA 2 %;FOOD;BAK;100;MEATCUTS;MEATTOT;MEATCUTS;MEATDTOT
32301;MARGARIINI 60 %, FLORA NORMAALISUOLAINEN;FOOD;IND;100;VEGFATHI;FATTOT;VEGFATHI;FATTOT
32308;MARGARIINI 60 %, FLORA LAKTOOSITON;FOOD;IND;100;VEGFATHI;FATTOT;VEGFATHI;FATTOT
32341;MARGARIINI 60 %, FLORA REILUSTI SUOLATTU;FOOD;IND;100;VEGFATHI;FATTOT;VEGFATHI;FATTOT
32343;KASVIRASVALEVITE 38 %, BECEL KEVYT;FOOD;IND;100;VEGFATLO;FATTOT;VEGFATLO;FATTOT
32344;KASVIÖLJYVALMISTE, JUOKSEVA, 82 %, FLORA CULINESSE;FOOD;IND;100;FATCOOK;FATTOT;FATCOOK;FATTOT
32348;KASVIÖLJYVALMISTE, JUOKSEVA, 82 %, BECEL;FOOD;IND;100;FATCOOK;FATTOT;FATCOOK;FATTOT
32350;KASVIRASVALEVITE 38 %, BECEL KEVYT OLIIVI;FOOD;IND;100;VEGFATLO;FATTOT;VEGFATLO;FATTOT
32354;KASVIÖLJYVALMISTE, JUOKSEVA, 80 %, KEIJU RYPSI;FOOD;IND;100;FATCOOK;FATTOT;FATCOOK;FATTOT
32357;MUNKINPAISTORASVA 100 %, SUNNUNTAI;FOOD;IND;100;FATCOOK;FATTOT;FATCOOK;FATTOT
32360;MARGARIINI 60 %, BENECOL LAKTOOSITON;FOOD;IND;100;VEGFATHI;FATTOT;VEGFATHI;FATTOT
32367;MUKSU SOIJAJUOMA 1-3 V, LEIKKI-IKÄISELLE;FOOD;IND;100;LEGULIQ;LEGUTOT;VEGJUICE;VEGDITOT
32381;SPAGETTIKASTIKEJAUHE, KASTIKEAINEKSET, KNORR;FOOD;DRIE;100;INGRMIS;INGRTOT;INGRMISC;MISCTOT
32385;RAEJUUSTO, RASVAA 1,5 %;FOOD;IND;100;CHEEUNLO;MILKTOT;CHEESUNC;MILKDTOT
32403;DIPPIKASTIKEJAUHE, SISÄLTÄÄ MAITOA, KASTIKEAINEKSET;FOOD;DRIE;100;INGRMIS;INGRTOT;INGRMISC;MISCTOT
32404;DIPPIKASTIKEJAUHE, MAIDOTON, KASTIKEAINEKSET;FOOD;DRIE;100;INGRMIS;INGRTOT;INGRMISC;MISCTOT
32407;MEETVURSTI, ULTRAKEVYT, RASVAA 9 %;FOOD;IND;100;SAUSCUTS;MEATTOT;SAUSCUTS;MEATDTOT
32409;KOKOLIHALEIKKELE, KORPPUKINKKU, RASVAA 3 %;FOOD;BOIL;100;MEATCUTS;MEATTOT;MEATCUTS;MEATDTOT
32416;MARJAJUOMA, PROVIVA, KESKIARVO, PROBIOOTTEJA;FOOD;IND;100;FBDRINK;FRUITTOT;DRJUICE;BEVTOT
32417;HEDELMÄJUOMA, MANGO, PROVIVA, PROBIOOTTEJA;FOOD;IND;100;FBDRINK;FRUITTOT;DRJUICE;BEVTOT
32418;KAURAVALMISTE, HAPATETTU, MAUSTETTU, YOSA, KESKIARVO, PROBIOOTTEJA;FOOD;IND;100;OAT;CERTOT;YOGHURT;MILKDTOT
32431;KASVIÖLJYVALMISTE, JUOKSEVA, 80 %, SUNNUNTAI, RYPSIÖLJY;FOOD;IND;100;FATCOOK;FATTOT;FATCOOK;FATTOT
32449;VÄLIPALAPATUKKA, JOGURTTINEN MYSLIPATUKKA;FOOD;IND;100;CERBAR;CERTOT;CERBAR;CEBAKTOT
32450;VÄLIPALAPATUKKA, TÄYSJYVÄVILJAINEN MYSLIPATUKKA;FOOD;IND;100;CERBAR;CERTOT;CERBAR;CEBAKTOT
32451;VÄLIPALAPATUKKA, MARJAISA MYSLIPATUKKA;FOOD;IND;100;CERBAR;CERTOT;CERBAR;CEBAKTOT
32452;VÄLIPALAPATUKKA, HEDELMÄINEN MYSLIPATUKKA;FOOD;IND;100;CERBAR;CERTOT;CERBAR;CEBAKTOT
32455;VERIGREIPPI, KUORITTU;FOOD;RAW;100;CITRUS;FRUITTOT;FRUFRESH;FRUDITOT
32456;LATVA-ARTISOKKA;FOOD;RAW;100;VEGLEAF;VEGTOT;VEGFRESH;VEGDITOT
32464;PÄHKINÄ, PARAPÄHKINÄ;FOOD;RAW;100;NUTSEED;LEGUTOT;SNACKVEG;SNACKTOT
32480;SALAATINKASTIKE, KARTANON, SAARIOINEN, RYPSIÖLJYPOHJAINEN, RASVAA 39 %;FOOD;IND;100;SALADDRE;FATTOT;SALADDRE;FATTOT
32482;SALAATINKASTIKE, TALON-, FELIX, RYPSIÖLJYPOHJAINEN, RASVAA 20 %;FOOD;IND;100;SALADDRE;FATTOT;SALADDRE;FATTOT
32483;SALAATINKASTIKE, KREIKKALAINEN-, FELIX, RYPSIÖLJYPOHJAINEN, RASVAA 25 %;FOOD;IND;100;SALADDRE;FATTOT;SALADDRE;FATTOT
32485;SALAATINKASTIKE, HUNAJA-SINAPPI, FELIX, RYPSIÖLJYPOHJAINEN, RASVAA 36 %;FOOD;IND;100;SALADDRE;FATTOT;SALADDRE;FATTOT
32502;MAKEINEN, DUMLE, FAZER, MAITOSUKLAALLA KUORRUTETTU TOFFEE;FOOD;IND;100;SWEET;SUGARTOT;SWEET;SUGARTOT
32503;MAKEINEN, MAITOSUKLAARAE, M&M'S/AMERIKAN PASTILLI;FOOD;IND;100;CHOCOLAT;SUGARTOT;SWEET;SUGARTOT
32509;SUKLAA, SUKLAAPATUKKA, TWIX, KEKSIÄ JA TOFFEETA;FOOD;IND;100;CHOCOLAT;SUGARTOT;CHOCOL;SUGARTOT
32540;GLÖGIJUOMA, ALKOHOLITON;FOOD;BOIL;100;DRINKOTH;BEVTOT;DRINKOTH;BEVTOT
32553;KASVIÖLJYVALMISTE, JUOKSEVA, 80 %, TUOTEKESKIARVO;FOOD;IND;100;FATCOOK;FATTOT;FATCOOK;FATTOT
32562;KAURAVALMISTE, HAPATETTU, MAUSTAMATON, YOSA NATURELL, PROBIOOTTEJA;FOOD;IND;100;OAT;CERTOT;YOGHURT;MILKDTOT
32568;RASVASEOSLEVITE 75 %, D-VITAMIINIA 10 UG;FOOD;IND;100;BUTTHIGH;FATTOT;BUTTEHIG;FATTOT
32570;NELJÄN VILJAN HIUTALE, RIIHIKOSKEN VEHNÄMYLLY;FOOD;RAW;100;WHEAT;CERTOT;FLOUR;CEBAKTOT
32598;JOGURTTI, MAUSTAMATON, RASVATON;FOOD;IND;100;YOGHURLO;MILKTOT;YOGHURT;MILKDTOT
32600;JOGURTTI, JUOTAVA, DANONINO DINO, RASVAA 1,6 %, D-VITAMIINIA 0,9 UG;FOOD;IND;100;YOGHURHI;MILKTOT;YOGHURT;MILKDTOT
32602;RAAKAMAKKARA, GRILLIWURST CHORIZO, SAARIOINEN;FOOD;IND;100;SAUSAGE;MEATTOT;SAUSAGE;MEATDTOT
32619;ATERIANKORVIKE, SHAKE, VALMISJUOMA, NATURDIET;FOOD;IND;100;MEALREP;DIETTOT;MEALREP;SPECTOT
32622;ATERIANKORVIKE, SMOOTHIE, VALMISJUOMA, NATURDIET;FOOD;IND;100;MEALREP;DIETTOT;MEALREP;SPECTOT
32623;ATERIANKORVIKE, DRINKMIX, JUOMAJAUHE, NATURDIET;FOOD;IND;100;MEALREP;DIETTOT;MEALREP;SPECTOT
32625;ATERIANKORVIKE, SUKLAAPATUKKA, NATURDIET;FOOD;IND;100;MEALREP;DIETTOT;MEALREP;SPECTOT
32626;ATERIANKORVIKE, KARAMELLIPATUKKA, NATURDIET;FOOD;IND;100;MEALREP;DIETTOT;MEALREP;SPECTOT
32628;ATERIANKORVIKE, SMOOTHIE, JUOMAJAUHE, EASY DIET;FOOD;IND;100;MEALREP;DIETTOT;MEALREP;SPECTOT
32630;ATERIANKORVIKE, KEITTOJAUHE, PARSA/KALA/KANA/SIENI, EASY DIET;FOOD;IND;100;MEALREP;DIETTOT;MEALREP;SPECTOT
32632;ATERIANKORVIKE, KEITTOJAUHE, TOMAATTI/TEXMEX/THAI, EASY DIET;FOOD;IND;100;MEALREP;DIETTOT;MEALREP;SPECTOT
32636;ATERIANKORVIKE, SMOOTHIE, JUOMAJAUHE, NUTRIFAST;FOOD;IND;100;MEALREP;DIETTOT;MEALREP;SPECTOT
32638;ATERIANKORVIKE, PIRTELÖ, JUOMAJAUHE, ALLEVO;FOOD;IND;100;MEALREP;DIETTOT;MEALREP;SPECTOT
32640;ATERIANKORVIKE, SMOOTHIE, JUOMAJAUHE, ALLEVO;FOOD;IND;100;MEALREP;DIETTOT;MEALREP;SPECTOT
32642;ATERIANKORVIKE, KEITTOJAUHE, PERUNA/PURJO, ALLEVO;FOOD;IND;100;MEALREP;DIETTOT;MEALREP;SPECTOT
32644;ATERIANKORVIKE, KEITTOJAUHE, PARSAKAALI/BASILIKA/COUSCOUS, ALLEVO;FOOD;IND;100;MEALREP;DIETTOT;MEALREP;SPECTOT
32646;ATERIANKORVIKE, LOW CALORIE JUOMA, ALLEVO;FOOD;IND;100;MEALREP;DIETTOT;MEALREP;SPECTOT
32648;ATERIANKORVIKE, KEITTOJAUHE, NUTRILETT;FOOD;IND;100;MEALREP;DIETTOT;MEALREP;SPECTOT
32650;ATERIANKORVIKE, HUNGER CONTROL, VALMISJUOMA, NUTRILETT;FOOD;IND;100;MEALREP;DIETTOT;MEALREP;SPECTOT
32651;ATERIANKORVIKE, PIRTELÖ, JUOMAJAUHE, NUTRILETT;FOOD;IND;100;MEALREP;DIETTOT;MEALREP;SPECTOT
32653;ATERIANKORVIKE, HOT AND COLD MOCCA, JUOMAJAUHE, NUTRILETT;FOOD;IND;100;MEALREP;DIETTOT;MEALREP;SPECTOT
32656;ATERIANKORVIKE, PATUKKA, TUOTEKESKIARVO;FOOD;IND;100;MEALREP;DIETTOT;MEALREP;SPECTOT
32657;ATERIANKORVIKE, KEITTOJAUHE, TUOTEKESKIARVO;FOOD;IND;100;MEALREP;DIETTOT;MEALREP;SPECTOT
32659;ATERIANKORVIKE, PIRTELÖ, JUOMAJAUHE, TUOTEKESKIARVO;FOOD;IND;100;MEALREP;DIETTOT;MEALREP;SPECTOT
32661;ATERIANKORVIKE, SMOOTHIE, JUOMAJAUHE, TUOTEKESKIARVO;FOOD;IND;100;MEALREP;DIETTOT;MEALREP;SPECTOT
32664;RASVASEOSLEVITE 75 %, OIVARIINI, NORMAALISUOLAINEN, VL;FOOD;IND;100;BUTTHIGH;FATTOT;BUTTEHIG;FATTOT
32666;RASVASEOSLEVITE 75 %, OIVARIINI, VOIMAKASSUOLAINEN, VL;FOOD;IND;100;BUTTHIGH;FATTOT;BUTTEHIG;FATTOT
32667;ATERIANKORVIKE, PROTEIINIJUOMAJAUHE, GNLD, 49 % PROTEIINIA;FOOD;IND;100;MEALREP;DIETTOT;MEALREP;SPECTOT
32669;RASVASEOS 60 %, OIVARIINI, VÄHÄRASVAISEMPI, VL;FOOD;IND;100;BUTTHIGH;FATTOT;BUTTEHIG;FATTOT
32670;RASVASEOSLEVITE 75 %, OIVARIINI, LAKTOOSITON;FOOD;IND;100;BUTTHIGH;FATTOT;BUTTEHIG;FATTOT
32672;RASVASEOSLEVITE 82 %, INGMARIINI MERISUOLA, VL;FOOD;IND;100;BUTTHIGH;FATTOT;BUTTEHIG;FATTOT
32673;RASVASEOSLEVITE 75 %, INGMARIINI, NORMAALISUOLAINEN, VL;FOOD;IND;100;BUTTHIGH;FATTOT;BUTTEHIG;FATTOT
32675;ATERIANKORVIKE, PROTEIINIJUOMAJAUHE, NUTRISHAKE, GNLD, 55 % PROTEIINIA;FOOD;IND;100;MEALREP;DIETTOT;MEALREP;SPECTOT
32676;RASVASEOSLEVITE 57 %, INGMARIINI, VÄHÄRASVAISEMPI, VL;FOOD;IND;100;BUTTHIGH;FATTOT;BUTTEHIG;FATTOT
32678;SOIJA-RUUSUNMARJA-PELLAVA-VALMISTE, FEMISOYA;FOOD;IND;100;SOYAPROD;LEGUTOT;INGRMISC;MISCTOT
32679;SOIJA-RUUSUNMARJA-PELLAVA-INULIINIVALMISTE, FEMISOYA PLUS;FOOD;IND;100;SOYAPROD;LEGUTOT;INGRMISC;MISCTOT
32680;SOIJA-MARJA-PELLAVA-RUIS-JAUHESEOS, BERRYSOYA;FOOD;IND;100;SOYAPROD;LEGUTOT;INGRMISC;MISCTOT
32694;JAUHELIHA, SIKA-NAUTA, KEVYT, VÄHÄRASVAINEN, RASVAA 7 %;FOOD;RAW;100;BEEF;MEATTOT;MSTEAK;MEATDTOT
32695;MAKEINEN, MARIANNE, FAZER, PIPARMINTTUSUKLAAKARAMELLI;FOOD;IND;100;SWEET;SUGARTOT;SWEET;SUGARTOT
32699;MAKEINEN, SUFFELI PUFFI SNACKS, FAZER, ERITTÄIN VÄHÄGLUTEENINEN;FOOD;IND;100;CHOCOLAT;SUGARTOT;CHOCOL;SUGARTOT
32700;VÄLIPALAPATUKKA, SUKLAINEN MYSLIPATUKKA;FOOD;IND;100;CERBAR;CERTOT;CERBAR;CEBAKTOT
32701;JÄÄTELÖ, PEHMYTJÄÄTELÖ, EI VOHVELIA;FOOD;IND;100;ICECREAM;MILKTOT;ICECREAM;MILKDTOT
32702;JÄÄTELÖ, SOIJAJÄÄTELÖ, TOFULINE, VANILJA;FOOD;IND;100;LEGULIQ;LEGUTOT;ICECREAM;MILKDTOT
32703;SUKLAA-PÄHKINÄLEVITE;FOOD;IND;100;CHOCOLAT;SUGARTOT;CHOCOL;SUGARTOT
32704;JAUHELIHA, NAUDANPAISTI, RASVAA 9 %;FOOD;RAW;100;BEEF;MEATTOT;MSTEAK;MEATDTOT
32705;JÄÄTELÖ, KASVIRASVAJÄÄTELÖ;FOOD;IND;100;ICECREAM;MILKTOT;ICECREAM;MILKDTOT
32708;KERMAVAAHTOSPRAY, TEOLLINEN;FOOD;IND;100;CREAM;MILKTOT;CREAM;MILKDTOT
32709;MARGARIINI, TALOUSMARGARIINI 80 %, KESKIARVO, LEIVONTAAN JA RUOANLAITTOON;FOOD;IND;100;FATCOOK;FATTOT;FATCOOK;FATTOT
32710;RUOANVALMISTUSKERMA, KASVIRASVAKERMA, RASVAA 4 %, VL;FOOD;IND;100;CREAM;MILKTOT;CREAM;MILKDTOT
32716;RUOANVALMISTUSKERMA, KASVIRASVAKERMA, RASVAA 5 %, VL;FOOD;IND;100;CREAM;MILKTOT;CREAM;MILKDTOT
32717;MURO, MAISSIHIUTALE, CORN FLAKES, GLUTEENITON, URTEKRAM, EI LISÄTTYÄ SOKERIA;DISH;ROAS;100;DISH;NONINGR;CERBRKF;CEBAKTOT
32721;RUOANVALMISTUSKERMA, KASVIRASVAKERMA, RASVAA 7 %, VL;FOOD;IND;100;CREAM;MILKTOT;CREAM;MILKDTOT
32722;RAAKAMAKKARA, RYPSIPORSAS KABANOSSI, KESKIARVO, HK;FOOD;IND;100;SAUSAGE;MEATTOT;SAUSAGE;MEATDTOT
32724;RAAKAMAKKARA, CHORIZO, KOTITEKOINEN;FOOD;BAK;100;SAUSAGE;MEATTOT;SAUSAGE;MEATDTOT
32731;NUUDELI, TÄYSJYVÄVEHNÄ;FOOD;RAW;100;WHEAT;CERTOT;PASTAADD;CEBAKTOT
32733;KINDER YLLÄTYSMUNA;FOOD;IND;100;CHOCOLAT;SUGARTOT;CHOCOL;SUGARTOT
32734;SOIJAJUOMA, ALPRO KALSIUMSOIJAJUOMA, SOKERI, KALSIUMIA, VITAMIINEJA;FOOD;IND;100;LEGULIQ;LEGUTOT;VEGJUICE;VEGDITOT
32737;PIIMÄ, AB-PIIMÄ, RASVAA 2,5 %, D-VIT 1 UG, PROBIOOTTEJA;FOOD;IND;100;SOURMILK;MILKTOT;SMILK;MILKDTOT
32739;SIIDERIJUOMA, PEAR, ALKOHOLITON SIIDERI, 0,02 TIL% ALKOHOLIA, RAINBOW;FOOD;IND;100;DRINKOTH;BEVTOT;DRINKOTH;BEVTOT
32740;OLUT, ALKOHOLITON OLUT, NIKOLAI, 0,0 TIL% ALKOHOLIA, SINEBRYCHOFF;FOOD;IND;100;DRINKOTH;BEVTOT;DRINKOTH;BEVTOT
32744;LUUMUMARMELADI, LUUMUHILLO;FOOD;CANN;100;JAM;SUGARTOT;JAM;SUGARTOT
32745;ENERGIAJUOMA, VITAMINOITU, OSITTAIN KEINOTEKOISESTI MAKEUTETTU;FOOD;IND;100;DRINKCO;BEVTOT;DRINKART;BEVTOT
32746;ENERGIAJUOMA, VITAMINOITU, KEINOTEKOISESTI MAKEUTETTU;FOOD;IND;100;DRINKART;BEVTOT;DRINKART;BEVTOT
32758;SOIJAJUOMA, ALPRO LUOMU;FOOD;IND;100;LEGULIQ;LEGUTOT;VEGJUICE;VEGDITOT
32770;KIVENNÄISVESI, NOVELLE PLUS, SINKKIÄ JA E-VITAMIINIA, FRUKTOOSIA, HARTWALL;FOOD;IND;100;SDRINK;BEVTOT;DRINKSO;BEVTOT
32771;KIVENNÄISVESI, NOVELLE PLUS, KALSIUMIA, HARTWALL;FOOD;IND;100;WATER;BEVTOT;DRWATER;BEVTOT
32772;KIVENNÄISVESI, NOVELLE PLUS, C-VITAMIINIA JA MAGNESIUMIA, HARTWALL;FOOD;IND;100;WATER;BEVTOT;DRWATER;BEVTOT
32773;KIVENNÄISVESI, NOVELLE FRISS, KESKIARVO, FRUKTOOSIA, HARTWALL;FOOD;IND;100;SDRINK;BEVTOT;DRINKSO;BEVTOT
32774;KAURAJUOMA, NALLE SUKLAAKAURAJUOMA, LISÄTTY KALSIUMIA JA D-VITAMIINIA;FOOD;IND;100;OATLIQ;CERTOT;VEGJUICE;VEGDITOT
32778;LEIKKELEMAKKARA, LAUANTAIMAKKARA, RASVAA 18 %;FOOD;IND;100;SAUSCUTS;MEATTOT;SAUSCUTS;MEATDTOT
32779;LEIKKELEMAKKARA, LAUANTAIMAKKARA, RASVAA 19 %;FOOD;IND;100;SAUSCUTS;MEATTOT;SAUSCUTS;MEATDTOT
32783;KAURAJUOMA, RAINBOW, LISÄTTY KALSIUMIA JA VITAMIINEJA;FOOD;IND;100;OATLIQ;CERTOT;VEGJUICE;VEGDITOT
32784;LEIKKELEMAKKARA, LAUANTAIMAKKARA, KEVYT, KESKIARVO, RASVAA 9 %;FOOD;IND;100;SAUSCUTS;MEATTOT;SAUSCUTS;MEATDTOT
32786;LEIKKELEMAKKARA, LAUANTAIMAKKARA, RASVAA 17 %;FOOD;IND;100;SAUSAGE;MEATTOT;SAUSCUTS;MEATDTOT
32787;RIISIJUOMA, RICE DREAM SUKLAA, LISÄTTY KALSIUMIA;FOOD;IND;100;CEROTLIQ;CERTOT;VEGJUICE;VEGDITOT
32790;RIISIJUOMA, RICE DREAM HASSELPÄHKINÄ-MANTELI;FOOD;IND;100;CEROTLIQ;CERTOT;VEGJUICE;VEGDITOT
32795;GRILLIMAKKARA, ULTRAKEVYT, MAIDOTON, RASVAA 7 %;FOOD;IND;100;SAUSAGE;MEATTOT;SAUSAGE;MEATDTOT
32796;GRILLIMAKKARA, SOIJAPROTEIINIA, KESKIARVO;FOOD;IND;100;SAUSAGE;MEATTOT;SAUSAGE;MEATDTOT
32800;JÄÄTELÖ, RIISIJÄÄTELÖ, R-ICE VANILJA-SUKLAATUUTTI, GLUTEENITON, INGMAN;FOOD;IND;100;CEROTLIQ;CERTOT;ICECREAM;MILKDTOT
32802;JÄÄTELÖ, RIISIJÄÄTELÖ, R-ICE VANILJA, INGMAN;FOOD;IND;100;CEROTLIQ;CERTOT;ICECREAM;MILKDTOT
32804;JÄÄTELÖ, KEVYT, VANILJA-MANSIKKA, INGMAN, KEINOTEKOISESTI MAKEUTETTU;FOOD;IND;100;ICECREAM;MILKTOT;ICECREAM;MILKDTOT
32885;KAURAJUOMA, NORDIC, MAUSTAMATON, LISÄTTY KALSIUMIA JA D-VITAMIINIA;FOOD;IND;100;OATLIQ;CERTOT;VEGJUICE;VEGDITOT
32887;RIISIJUOMA, NORDIC, LISÄTTY KALSIUMIA JA D-VITAMIINIA;FOOD;IND;100;CEROTLIQ;CERTOT;VEGJUICE;VEGDITOT
32892;HEDELMÄJUOMA, HYVÄÄ PÄIVÄÄ, KARPALO, OSITTAIN KEINOTEKOISESTI MAKEUTETTU;FOOD;MASH;100;FBDRINK;FRUITTOT;DRJUICE;BEVTOT
32893;HEDELMÄJUOMA, HYVÄÄ PÄIVÄÄ, SITRUS, OSITTAIN KEINOTEK. MAKEUTETTU, VITAMINOITU;FOOD;MASH;100;FBDRINK;FRUITTOT;DRINKART;BEVTOT
32894;HEDELMÄJUOMA, HYVÄÄ PÄIVÄÄ, FRUKTOOSI, VITAMINOITU;FOOD;MASH;100;FBDRINK;FRUITTOT;DRJUICE;BEVTOT
32895;PÄHKINÄ, AUSTRALIANPÄHKINÄ, MACADAMIAPÄHKINÄ;FOOD;RAW;100;NUTSEED;LEGUTOT;SNACKVEG;SNACKTOT
32897;ENERGIAJUOMA, ENERGIAVESI, TEHO, OLVI, VITAMINOITU;FOOD;IND;100;DRINKCO;BEVTOT;DRINKSO;BEVTOT
32925;JUUSTO, VUOHENJUUSTO, CHÈVRE, RASVAA 30 %;FOOD;IND;100;CHEEUNHI;MILKTOT;CHEESUNC;MILKDTOT
33020;MAUSTEKASTIKE, SWEET CHILI SAUCE, MAKEA CHILIKASTIKE;FOOD;MIX;100;FLAVSAUC;FLAVTOT;SPISAUCE;MISCTOT
33021;MAUSTETAHNA, CURRYTAHNA, MIETO, TIKKA MASALA;FOOD;MIX;100;FLAVSAUC;FLAVTOT;SPISAUCE;MISCTOT
33022;MAUSTETAHNA, INKIVÄÄRITAHNA;FOOD;CANN;100;FLAVSAUC;FLAVTOT;SPISAUCE;MISCTOT
33023;INKIVÄÄRI, JUURAKKO, RAAKA;FOOD;RAW;100;ROOT;VEGTOT;VEGFRESH;VEGDITOT
33024;INKIVÄÄRI, SÄILÖTTY;FOOD;CANN;100;VEGCANN;VEGTOT;VEGCANN;VEGDITOT
33038;SHARON, KAKI, PERSIMON;FOOD;RAW;100;FRUITOTH;FRUITTOT;FRUFRESH;FRUDITOT
33042;JOGURTTI, MAUSTAMATON, A+, RASVAA 4 %, LAKTOOSITON, D-VIT 1 UG;FOOD;IND;100;YOGHURHI;MILKTOT;YOGHURT;MILKDTOT
33047;RUOANVALMISTUSKERMA, KASVIRASVAKERMA, RASVAA 13 %, VL;FOOD;IND;100;CREAM;MILKTOT;CREAM;MILKDTOT
33048;RUOANVALMISTUSKERMA, KASVIRASVAKERMA, RASVAA 7 %;FOOD;IND;100;CREAM;MILKTOT;CREAM;MILKDTOT
33049;RUOANVALMISTUSKERMA, KASVIRASVAKERMA, RASVAA 4 %;FOOD;IND;100;CREAM;MILKTOT;CREAM;MILKDTOT
33060;PAPAIJA, KUIVATTU;FOOD;DRIE;100;FRUITOTH;FRUITTOT;SNACKVEG;SNACKTOT
33065;MANGO, KUIVATTU;FOOD;DRIE;100;FRUITOTH;FRUITTOT;SNACKVEG;SNACKTOT
33067;ERIKOISHEDELMÄ, EKSOOTTINEN, KESKIARVO, MANGO/PAPAIJA, KUIVATTU;FOOD;DRIE;100;FRUITOTH;FRUITTOT;SNACKVEG;SNACKTOT
33070;VIIKUNA, KUIVATTU;FOOD;DRIE;100;FRUITOTH;FRUITTOT;SNACKVEG;SNACKTOT
33077;ANANAS, KUIVATTU;FOOD;DRIE;100;FRUITOTH;FRUITTOT;SNACKVEG;SNACKTOT
33091;AVOKADOÖLJY;FOOD;IND;100;OIL;FATTOT;OIL;FATTOT
33095;PÄHKINÄ, PEKAANIPÄHKINÄ;FOOD;RAW;100;NUTSEED;LEGUTOT;SNACKVEG;SNACKTOT
33097;GRILLIMAKKARA, BRATWURSTI;FOOD;IND;100;SAUSAGE;MEATTOT;SAUSAGE;MEATDTOT
33102;PÄHKINÄ, HUNAJAPAAHDETTU MAAPÄHKINÄ;FOOD;DRIE;100;NUTSEED;LEGUTOT;SNACKVEG;SNACKTOT
33103;JOGURTTI, MAUSTETTU, VALIO OLO, RASVAA 2,7 %, EILA, D-VIT 1 UG, PROBIOOTTEJA;FOOD;IND;100;YOGHURHI;MILKTOT;YOGHURT;MILKDTOT
33111;MAITO, TÄYSMAITO, RASVAA 3 %, LAKTOOSITON MAITOJUOMA, D-VITAMIINIA 1 UG;FOOD;IND;100;MILKHF;MILKTOT;MILKHF;MILKDTOT
33116;JUUSTO, SALAATTIJUUSTO, RASVAA 2-5 %, LEHMÄNMAITO, SUOLALIEMESSÄ;FOOD;IND;100;CHEEUNLO;MILKTOT;CHEESUNC;MILKDTOT
33118;JUUSTO, SALAATTIJUUSTO, RASVAA 6-8 %, LEHMÄNMAITO, SUOLALIEMESSÄ;FOOD;IND;100;CHEEUNLO;MILKTOT;CHEESUNC;MILKDTOT
33119;JUUSTO, SALAATTIJUUSTO, RASVAA 9-11 %, LEHMÄNMAITO, SUOLALIEMESSÄ;FOOD;IND;100;CHEEUNLO;MILKTOT;CHEESUNC;MILKDTOT
33120;JUUSTO, SALAATTIJUUSTO, RASVAA 22 %, LEHMÄNMAITO, ÖLJYSSÄ;FOOD;IND;100;CHEEUNHI;MILKTOT;CHEESUNC;MILKDTOT
33121;HAMPUNSIEMEN, KOKONAINEN;FOOD;RAW;100;NUTSEED;LEGUTOT;SNACKVEG;SNACKTOT
33122;SOIJAJUOMA, ALPRO MAUSTAMATON, KALSIUMIA JA VITAMIINEJA;FOOD;IND;100;LEGULIQ;LEGUTOT;VEGJUICE;VEGDITOT
33124;SOIJAJUOMA, RAINBOW, KALSIUMIA JA VITAMIINEJA;FOOD;IND;100;LEGULIQ;LEGUTOT;VEGJUICE;VEGDITOT
33125;SOIJAJUOMA, PIRKKA LUOMU MAUSTAMATON;FOOD;IND;100;LEGULIQ;LEGUTOT;VEGJUICE;VEGDITOT
33128;PÄHKINÄ, CHILIPÄHKINÄ;FOOD;DRIE;100;NUTSEED;LEGUTOT;SNACKSAV;SNACKTOT
33129;JOGURTTI, LOHKEAVA LUONNONJOGURTTI, RASVAA 5,5 %, LAKTOOSITON;FOOD;IND;100;YOGHURHI;MILKTOT;YOGHURT;MILKDTOT
33130;PÄHKINÄ, CASHEWPÄHKINÄ, SUOLATTU;FOOD;ROAS;100;NUTSEED;LEGUTOT;SNACKSAV;SNACKTOT
33131;PÄHKINÄ, PISTAASIPÄHKINÄ, SUOLATTU;FOOD;ROAS;100;NUTSEED;LEGUTOT;SNACKSAV;SNACKTOT
33132;SOIJAJUOMA, GOGREEN MAUSTAMATON, KALSIUMIA;FOOD;IND;100;LEGULIQ;LEGUTOT;VEGJUICE;VEGDITOT
33133;SOIJAJUOMA, GOGREEN ORIGINAL, KALSIUMIA;FOOD;IND;100;LEGULIQ;LEGUTOT;VEGJUICE;VEGDITOT
33134;SOIJAJUOMA, PIRKKA LUOMU SUKLAANMAKUINEN;FOOD;IND;100;LEGULIQ;LEGUTOT;VEGJUICE;VEGDITOT
33135;SOIJAJUOMA, RAINBOW LUOMU;FOOD;IND;100;LEGULIQ;LEGUTOT;VEGJUICE;VEGDITOT
33136;SOIJAJUOMA, NORDIC, KALSIUMIA JA D-VITAMIINIA;FOOD;IND;100;LEGULIQ;LEGUTOT;VEGJUICE;VEGDITOT
33137;SOIJAJUOMA, ALPRO KEVYT SUKLAAJUOMA, KALSIUMIA JA VITAMIINEJA;FOOD;IND;100;LEGULIQ;LEGUTOT;VEGJUICE;VEGDITOT
33138;SOIJAJUOMA, ALPRO SUKLAA, KALSIUMIA JA VITAMIINEJA;FOOD;IND;100;LEGULIQ;LEGUTOT;VEGJUICE;VEGDITOT
33139;SOIJAJUOMA, SOYWELL SOYA DRINK, LIDL, KALSIUMIA JA VITAMIINEJA;FOOD;IND;100;LEGULIQ;LEGUTOT;VEGJUICE;VEGDITOT
33142;JOGURTTI, MAUSTETTU, RASVATON, LAKTOOSITON, D-VIT 1 UG;FOOD;IND;100;YOGHURLO;MILKTOT;YOGHURT;MILKDTOT
33147;RAHKA, MAUSTETTU, DANONINO, RASVAA 2,9 %, D-VITAMIINIA 1,25 UG;FOOD;IND;100;CURD;MILKTOT;CURD;MILKDTOT
33150;JOGURTTI, MAUSTETTU, LOHKEAVA, RASVAA 4,6 %, LAKTOOSITON;FOOD;IND;100;YOGHURHI;MILKTOT;YOGHURT;MILKDTOT
33151;MERISUOLA, JODIOIMATON;FOOD;IND;100;SALT;INGRTOT;SPICES;MISCTOT
33154;KALA, TUORESUOLATTU;FOOD;SALT;100;FISHPROD;FISHTOT;FISHPROD;FISHDTOT
33158;VÄLIPALAPATUKKA, SUKLAA-MUROPATUKKA, KELLOGG´S SPECIAL K CHOCOLATE, TÄYDENNETTY;FOOD;IND;100;CERBAR;CERTOT;CERBAR;CEBAKTOT
33159;VÄLIPALAPATUKKA, MUROPATUKKA, KELLOGG´S RICE KRISPIES CEREAL & MILK, TÄYDENNETTY;FOOD;IND;100;CERBAR;CERTOT;CERBAR;CEBAKTOT
33160;KAURAJUOMA, ELOVENA VÄLIPALAJUOMA AURINKOINEN, 2,9 % RASVAA;FOOD;IND;100;OATLIQ;CERTOT;VEGJUICE;VEGDITOT
33161;KAURAJUOMA, ELOVENA VÄLIPALAJUOMA METSÄMARJA, 0,5 % RASVAA;FOOD;IND;100;OATLIQ;CERTOT;VEGJUICE;VEGDITOT
33162;JOGURTTI, MAUSTAMATON, RASVAA 2,5 %;FOOD;IND;100;YOGHURHI;MILKTOT;YOGHURT;MILKDTOT
33163;KAURAJUOMA, ELOVENA VÄLIPALAJUOMA HEDELMÄINEN, 0,5 % RASVAA;FOOD;IND;100;OATLIQ;CERTOT;VEGJUICE;VEGDITOT
33164;MAITO, TÄYSMAITO, VL, EI LISÄTTY D-VITAMIINIA;FOOD;IND;100;MILKHF;MILKTOT;MILKHF;MILKDTOT
33168;JUUSTO, POLAR 10 % RASVAA, VALIO;FOOD;IND;100;CHEECULO;MILKTOT;CHEESCUR;MILKDTOT
33169;KAURAJUOMA, NALLE VANILJAKAURAJUOMA, LISÄTTY KALSIUMIA JA D-VITAMIINIA;FOOD;IND;100;OATLIQ;CERTOT;VEGJUICE;VEGDITOT
33170;PANGASIUS, HAIMONNI, FILEE, TUONTIKALA;FOOD;RAW;100;FISH;FISHTOT;FISH;FISHDTOT
33171;HOKI, HOKIKALA, TUONTIKALA;FOOD;RAW;100;FISH;FISHTOT;FISH;FISHDTOT
33174;JAUHELIHA, SIKA-NAUTA, KEVYT, VÄHÄRASVAINEN, RASVAA 10 %;FOOD;RAW;100;BEEF;MEATTOT;MSTEAK;MEATDTOT
33179;RAHKA, MAITORAHKA, MAUSTAMATON, RASVAA 0,3 %, LAKTOOSITON;FOOD;IND;100;CURD;MILKTOT;CURD;MILKDTOT
33189;RAHKA, MAUSTETTU, RASVAA 7 %, MAKEA, LAKTOOSITON;FOOD;IND;100;CURD;MILKTOT;CURD;MILKDTOT
33198;JOGURTTI, MAUSTETTU, RASVATON, KEINOTEKOISESTI MAKEUTETTU;FOOD;IND;100;YOGHURLO;MILKTOT;YOGHURT;MILKDTOT
33200;VIILI, MAUSTETTU, RASVAA 1 %, LAKTOOSITON;FOOD;IND;100;MILKCURL;MILKTOT;MILKCURL;MILKDTOT
33201;VIILI, MAUSTAMATON, RASVAA 1 %, LAKTOOSITON;FOOD;IND;100;MILKCURL;MILKTOT;MILKCURL;MILKDTOT
33211;TILAPIA, TUONTIKALA;FOOD;RAW;100;FISH;FISHTOT;FISH;FISHDTOT
33251;TILAPIA, UUNISSA;FOOD;BAK;100;FISH;FISHTOT;FISH;FISHDTOT
33265;PÄHKINÄ, CASHEWPÄHKINÄ, SUKLAAKUORRUTUS;FOOD;IND;100;NUTSEED;LEGUTOT;SNACKVEG;SNACKTOT
33266;PÄHKINÄ, CASHEWPÄHKINÄ, JOGURTTIKUORRUTUS;FOOD;IND;100;NUTSEED;LEGUTOT;SNACKVEG;SNACKTOT
33267;BANAANILASTU, KUIVATTU BANAANI, JOGURTTIKUORRUTUS;FOOD;IND;100;FRUITOTH;FRUITTOT;SNACKVEG;SNACKTOT
33268;ANANAS, KUIVATTU, JOGURTTIKUORRUTUS;FOOD;IND;100;FRUITOTH;FRUITTOT;SNACKVEG;SNACKTOT
33269;OMENALASTU;FOOD;DRIE;100;APPLE;FRUITTOT;SNACKVEG;SNACKTOT
33272;VÄLIPALAPATUKKA, SUKLAA-MUROPATUKKA, KELLOGG´S COCO POPS ROCKS, TÄYDENNETTY;FOOD;IND;100;CERBAR;CERTOT;CERBAR;CEBAKTOT
33280;JOGURTTI, MAUSTETTU, RASVAA 2 %, LAKTOOSITON, D-VIT 1 UG;FOOD;IND;100;YOGHURHI;MILKTOT;YOGHURT;MILKDTOT
33284;JOGURTTI, MAUSTAMATON, RASVATON, LAKTOOSITON, D-VIT 1 UG;FOOD;IND;100;YOGHURLO;MILKTOT;YOGHURT;MILKDTOT
33298;JOGURTTI, MARJAMYSLI, A+, RASVAA 3,5 %, LAKTOOSITON, D-VIT 0,9 UG;FOOD;IND;100;YOGHURHI;MILKTOT;YOGHURT;MILKDTOT
33304;URHEILUJUOMATIIVISTE, HIILIHYDRAATTIJUOMA, DEXAL HEAVY, LAIMENNETTU;FOOD;IND;100;DRSPORT;BEVTOT;DRSPORT;BEVTOT
33305;URHEILUJUOMATIIVISTE, HIILIHYDRAATTIJUOMA, DEXAL LIGHT, LAIMENNETTU;FOOD;IND;100;DRSPORT;BEVTOT;DRSPORT;BEVTOT
33317;URHEILUJUOMATIIVISTE, HIILIHYDRAATTIJUOMA, DEXAL LIGHT;FOOD;IND;100;SPORTFOO;DIETTOT;SPORTFOO;SPECTOT
33319;TUONTIKALA, VAALEA, PANGASIUS/TILAPIA/HOKI, KESKIARVO;FOOD;RAW;100;FISH;FISHTOT;FISH;FISHDTOT
33320;TUONTIKALA, VAALEA, PANGASIUS/TILAPIA/HOKI, KESKIARVO, KEITETTY, EI SUOLAA;FOOD;BOIL;100;FISH;FISHTOT;FISH;FISHDTOT
33323;URHEILUJUOMATIIVISTE, HIILIHYDRAATTIJUOMA, DEXAL HEAVY;FOOD;IND;100;SPORTFOO;DIETTOT;SPORTFOO;SPECTOT
33334;URHEILUJUOMA, PROTEIINIJUOMA, PRO FX ZERO CARB;FOOD;IND;100;DRSPORT;BEVTOT;DRSPORT;BEVTOT
33338;URHEILUJUOMA, HIILIHYDRAATTIJUOMA, LEADER CARBO ENERGY;FOOD;IND;100;DRSPORT;BEVTOT;DRSPORT;BEVTOT
33339;BROILERIFILEE, HUNAJAMARINADI, RAAKA;FOOD;MIX;100;POULTRY;MEATTOT;POULTRY;MEATDTOT
33342;RAHKA, MAUSTETTU, RASVAA 4,5 %, VALIO RAHKAVAAHTO, LAKTOOSITON;FOOD;IND;100;CURD;MILKTOT;CURD;MILKDTOT
33343;URHEILUJUOMA, PROTEIINIJUOMA, LEADER PROTEIN 40;FOOD;IND;100;DRSPORT;BEVTOT;DRSPORT;BEVTOT
33357;KAHVI, MURUKAHVI, PIKAKAHVI, VALMISTAMATON;FOOD;DRIE;100;INGRMIS;INGRTOT;INGRMISC;MISCTOT
33360;URHEILUJUOMA, PROTEIINI-HIILIHYDRAATTIJUOMA, PRO FX RECOVERY;FOOD;IND;100;DRSPORT;BEVTOT;DRSPORT;BEVTOT
33367;URHEILUJUOMA, PROTEIINI-HIILIHYDRAATTIJUOMA, LEADER RECOVERY;FOOD;IND;100;DRSPORT;BEVTOT;DRSPORT;BEVTOT
33372;URHEILUJUOMA, PROTEIINI-HIILIHYDRAATTIJUOMA, TUOTEKESKIARVO;FOOD;IND;100;DRSPORT;BEVTOT;DRSPORT;BEVTOT
33375;URHEILUJUOMA, HIILIHYDRAATTIJUOMA, TUOTEKESKIARVO;FOOD;IND;100;DRSPORT;BEVTOT;DRSPORT;BEVTOT
33376;URHEILUJUOMA, PROTEIINIJUOMA, TUOTEKESKIARVO;FOOD;IND;100;DRSPORT;BEVTOT;DRSPORT;BEVTOT
33382;LOHI, LÄMMINSAVUSTETTU;FOOD;SMOK;100;FISHPROD;FISHTOT;FISH;FISHDTOT
33395;PERUNASOSEJAUHE, VALMISTAMATON, RAINBOW;FOOD;DRIE;100;POTAPROD;POTATOT;INGRMISC;MISCTOT
33396;PERUNASOSEJAUHE, VALMISTAMATON, PIRKKA/FELIX;FOOD;DRIE;100;POTAPROD;POTATOT;INGRMISC;MISCTOT
33397;PERUNASOSEJAUHE, VALMISTAMATON, ELDORADO;FOOD;DRIE;100;POTAPROD;POTATOT;INGRMISC;MISCTOT
33403;ATERIANKORVIKE, PROTEIINIPATUKKA, 54 % PROTEIINIA, MAXIM;FOOD;IND;100;MEALREP;DIETTOT;MEALREP;SPECTOT
33404;RAHKA, MAUSTETTU, DANIO, RASVAA 3 %;FOOD;IND;100;CURD;MILKTOT;CURD;MILKDTOT
33405;RAHKA, MAUSTETTU, DANIO STRACCIATELLA, RASVAA 4,4 %;FOOD;IND;100;CURD;MILKTOT;CURD;MILKDTOT
33408;SIIKA, LÄMMINSAVUSTETTU;FOOD;SMOK;100;FISHPROD;FISHTOT;FISH;FISHDTOT
33409;KIRJOLOHIFILEE, KYLMÄSAVUSTETTU;FOOD;SMOK;100;FISHPROD;FISHTOT;FISH;FISHDTOT
33410;JOGURTTI, MAUSTETTU, RASVAA 2 %;FOOD;IND;100;YOGHURHI;MILKTOT;YOGHURT;MILKDTOT
33414;KIRJOLOHIFILEE, LÄMMINSAVUSTETTU;FOOD;SMOK;100;FISHPROD;FISHTOT;FISH;FISHDTOT
33415;KALA, LÄMMINSAVUSTETTU, KESKIARVO;FOOD;SMOK;100;FISHPROD;FISHTOT;FISH;FISHDTOT
33419;KIRJOLOHIFILEE;FOOD;RAW;100;FISH;FISHTOT;FISH;FISHDTOT
33420;LOHIFILEE, KYLMÄSAVUSTETTU;FOOD;SMOK;100;FISHPROD;FISHTOT;FISH;FISHDTOT
33424;MAKRILLI, SAVUSTETTU;FOOD;SMOK;100;FISHPROD;FISHTOT;FISH;FISHDTOT
33428;KAHVI, KAHVIJUOMA, MURUKAHVI, PIKAKAHVI, KEITETTY;FOOD;BOIL;100;COFFEE;BEVTOT;COFFEE;BEVTOT
33432;MAKEINEN, VOHVELIA JA SUKLAATA, SUFFELI, FAZER;FOOD;IND;100;CHOCOLAT;SUGARTOT;CHOCOL;SUGARTOT
33433;BASILIKA, KUIVATTU;FOOD;DRIE;100;HERB;FLAVTOT;SPICES;MISCTOT
33436;RUUSUNMARJA, KUIVATTU, RUUSUNMARJAJAUHE;FOOD;DRIE;100;BERRY;FRUITTOT;SNACKVEG;SNACKTOT
33438;KAHVI, CAFFE LATTE, MAKEUTTAMATON, RASVATON MAITO;FOOD;MIX;100;COFFEE;BEVTOT;COFFEE;BEVTOT
33439;KAHVI, CAFFE LATTE, MAKEUTTAMATON, KEVYTMAITO;FOOD;MIX;100;COFFEE;BEVTOT;COFFEE;BEVTOT
33441;KAHVI, CAPPUCCINO, MAKEUTTAMATON, KEVYTMAITO;FOOD;MIX;100;COFFEE;BEVTOT;COFFEE;BEVTOT
33442;KAHVI, CAFFE LATTE, MAKEUTTAMATON, SOIJAJUOMA;FOOD;MIX;100;COFFEE;BEVTOT;COFFEE;BEVTOT
33447;MAKEINEN, VAAHTOKARKKI, VAAHTOKARAMELLI;FOOD;IND;100;SWEET;SUGARTOT;SWEET;SUGARTOT
33449;JUUSTO, TUOTEKESKIARVO;FOOD;IND;100;CHEECUHI;MILKTOT;CHEESCUR;MILKDTOT
33456;PINAATTI;FOOD;RAW;100;VEGLEAF;VEGTOT;VEGFRESH;VEGDITOT
33465;JUUSTO, HALLOUMIJUUSTO, VUOHENMAITO, RASVAA 22 %;FOOD;IND;100;CHEEUNHI;MILKTOT;CHEESUNC;MILKDTOT
33466;MAITO, KESKIARVO, D-VITAMIINIA 1 UG;FOOD;IND;100;MILKLF;MILKTOT;MILKLF;MILKDTOT
33487;KASVIRASVALEVITE 70 %, KEIJU LAKTOOSITON, CATERING, D-VIT 20 UG;FOOD;IND;100;VEGFATHI;FATTOT;VEGFATHI;FATTOT
33488;MARGARIINI 40 %, KEIJU KEVYT LAKTOOSITON, CATERING, D-VIT 20 UG;FOOD;IND;100;VEGFATLO;FATTOT;VEGFATLO;FATTOT
33489;MARGARIINI 60 %, KEIJU NORMAALISUOLAINEN, CATERING, D-VIT 20 UG;FOOD;IND;100;VEGFATHI;FATTOT;VEGFATHI;FATTOT
33494;PAPRIKA, PUNAINEN, SÄILYKE;FOOD;CANN;100;VEGFRU;VEGTOT;VEGCANN;VEGDITOT
33496;KASVIRASVALEVITE 70 %, BECEL GOLD, D-VIT 20 UG;FOOD;IND;100;VEGFATHI;FATTOT;VEGFATHI;FATTOT
33499;SOIJAROUHE, VAALEA TAI TUMMA;FOOD;RAW;100;SOYAPROD;LEGUTOT;LEGUPROD;LEGUTOT
33501;TOFU, PEHMEÄ, SOIJAVALMISTE;FOOD;IND;100;SOYAPROD;LEGUTOT;LEGUPROD;LEGUTOT
33502;NAKKI, SOIJANAKKI;FOOD;IND;100;SOYAPROD;LEGUTOT;LEGUPROD;LEGUTOT
33519;MAKEUTUSAINE, STEVIA, CANDEREL GREEN -JAUHE;FOOD;IND;100;SWEAGE;INGRTOT;INGRMISC;MISCTOT
33520;MAKEUTUSAINE, STEVIA, CANDEREL GREEN -PURISTE;FOOD;IND;100;SWEAGE;INGRTOT;INGRMISC;MISCTOT
33521;MAKEUTUSAINE, STEVIA, CANDEREL GREEN -STICK;FOOD;IND;100;SWEAGE;INGRTOT;INGRMISC;MISCTOT
33525;RASVAJAUHE, ELINTARVIKETEOLLISUUDEN RAAKA-AINE;FOOD;X;100;FATCOOK;FATTOT;FATCOOK;FATTOT
33542;SUKLAA, TUMMA, 80 %;FOOD;IND;100;CHOCOLAT;SUGARTOT;CHOCOL;SUGARTOT
33549;KANANMUNAJAUHE, ELINTARVIKETEOLLISUUDEN RAAKA-AINE;FOOD;DRIE;100;EGG;EGGTOT;EGGS;EGGDISH
33550;VALKUAISJAUHE, ELINTARVIKETEOLLISUUDEN RAAKA-AINE;FOOD;DRIE;100;EGG;EGGTOT;EGGS;EGGDISH
33551;KELTUAISJAUHE, ELINTARVIKETEOLLISUUDEN RAAKA-AINE;FOOD;DRIE;100;EGG;EGGTOT;EGGS;EGGDISH
33553;MAUSTEKASTIKE, HAPANIMELÄ, DIPPIKASTIKE;FOOD;MIX;100;FLAVSAUC;FLAVTOT;SPISAUCE;MISCTOT
33554;JUUSTO, POLAR TÄYTELÄINEN, 28 % RASVAA, VALIO;FOOD;IND;100;CHEECUHI;MILKTOT;CHEESCUR;MILKDTOT
33555;JUUSTO, POLAR 5 % RASVAA, VALIO;FOOD;IND;100;CHEECULO;MILKTOT;CHEESCUR;MILKDTOT
33556;JUUSTO, POLAR 15 % RASVAA, VALIO;FOOD;IND;100;CHEECULO;MILKTOT;CHEESCUR;MILKDTOT
33559;MANSIKKAHILLO, TEOLLINEN, SOKERIA 46 %;FOOD;CANN;100;JAM;SUGARTOT;JAM;SUGARTOT
33568;PÄHKINÄ-HEDELMÄ-SEKOITUS;FOOD;MIX;100;NUTSEED;LEGUTOT;SNACKVEG;SNACKTOT
33569;PÄHKINÄSEKOITUS, SUOLATON;FOOD;MIX;100;NUTSEED;LEGUTOT;SNACKVEG;SNACKTOT
33579;PÄHKINÄSEKOITUS, SUOLATTU;FOOD;BAK;100;NUTSEED;LEGUTOT;SNACKSAV;SNACKTOT
33586;JÄÄTELÖ, SNICKERS;FOOD;IND;100;ICECREAM;MILKTOT;ICECREAM;MILKDTOT
33587;KALA, PAINOTETTU KESKIARVO;FOOD;RAW;100;FISH;FISHTOT;FISH;FISHDTOT
33596;KAURAJUOMA, MAUSTAMATON, TUOTEKESKIARVO;FOOD;MIX;100;OATLIQ;CERTOT;VEGJUICE;VEGDITOT
33597;SOIJAJUOMA, MAUSTAMATON, TUOTEKESKIARVO;FOOD;MIX;100;LEGULIQ;LEGUTOT;VEGJUICE;VEGDITOT
33600;RIISIJUOMA, MAUSTAMATON, TUOTEKESKIARVO;FOOD;MIX;100;CEROTLIQ;CERTOT;VEGJUICE;VEGDITOT
33601;PERUNASOSEJAUHE, VALMISTAMATON, TUOTEKESKIARVO;FOOD;MIX;100;POTAPROD;POTATOT;INGRMISC;MISCTOT
33629;RAHKA, JÄLKIRUOKA/VÄLIPALA, TEOLLINEN, TUOTEKESKIARVO;FOOD;MIX;100;CURD;MILKTOT;CURD;MILKDTOT
33631;JAUHO, JAUHOSEOS, GLUTEENITON, TUOTEKESKIARVO;FOOD;MIX;100;CEROTH;CERTOT;FLOUR;CEBAKTOT
33632;PASTA, GLUTEENITON, TUOTEKESKIARVO;FOOD;MIX;100;CEROTH;CERTOT;PASTAADD;CEBAKTOT
33638;KASTIKEJAUHE, KASTIKEAINEKSET, TEOLLINEN, TUOTEKESKIARVO;FOOD;MIX;100;INGRMIS;INGRTOT;INGRMISC;MISCTOT
33671;PROFEEL PROTEIINIJUOMA, VALIO, D-VITAMIINIA 1 UG;FOOD;IND;100;MILKLF;MILKTOT;MILKLF;MILKDTOT
33675;PIIMÄ, KEVYTPIIMÄ, 1% RASVAA, VL, D-VIT 1UG;FOOD;IND;100;SOURMILK;MILKTOT;SMILK;MILKDTOT
33678;PIIMÄ, AB-PIIMÄ, RASVAA 2 %, D-VIT 1 UG, PROBIOOTTEJA;FOOD;IND;100;SOURMILK;MILKTOT;SMILK;MILKDTOT
33679;PIIMÄ, AB-PIIMÄ, RASVAA 1,5 %, D-VIT 1 UG, PROBIOOTTEJA;FOOD;IND;100;SOURMILK;MILKTOT;SMILK;MILKDTOT
33690;JOGURTTI, MAUSTETTU, JUGUPALA, RASVAA 2,6 %, VL, -30% SOKERIA;FOOD;IND;100;YOGHURHI;MILKTOT;YOGHURT;MILKDTOT
33696;JOGURTTI, AB-KERROSLUONNONJOGURTTI, RASVAA 3,3 %, PROBIOOTTEJA;FOOD;IND;100;YOGHURHI;MILKTOT;YOGHURT;MILKDTOT
33697;JOGURTTI, MAUSTAMATON, AB, RASVAA 2,5 %, PROBIOOTTEJA;FOOD;IND;100;YOGHURLO;MILKTOT;YOGHURT;MILKDTOT
33698;JOGURTTI, MAUSTAMATON, AB, RASVATON, PROBIOOTTEJA;FOOD;IND;100;YOGHURLO;MILKTOT;YOGHURT;MILKDTOT
33703;JOGURTTI, JUOTAVA, JOGURTTIJUOMA, RASVAA 0,9%, PROBIOOTTEJA;FOOD;IND;100;YOGHURLO;MILKTOT;YOGHURT;MILKDTOT
33714;JOGURTTI, MAUSTETTU, A+, RASVAA 3,2 %, LAKTOOSITON, D-VIT 1 UG;FOOD;IND;100;YOGHURHI;MILKTOT;YOGHURT;MILKDTOT
33725;JOGURTTI, MAUSTETTU, REDUCOL, RASVAA 2 %, VL, KASVISTEROLI JA -STANOLI, PROB.;FOOD;IND;100;YOGHURHI;MILKTOT;YOGHURT;MILKDTOT
33726;KASVIRASVALEVITE 70 %, TEOLLINEN TUOTEKESKIARVO;FOOD;IND;100;VEGFATHI;FATTOT;VEGFATHI;FATTOT
33727;JOGURTTI, MAUSTAMATON, REDUCOL, RASVAA 2,5%, VL, KASVISTEROLI JA -STANOLI, PROB.;FOOD;IND;100;YOGHURHI;MILKTOT;YOGHURT;MILKDTOT
33728;VIILI, MAUSTAMATON, RASVAA 1,5 %, LAKTOOSITON;FOOD;IND;100;MILKCURL;MILKTOT;MILKCURL;MILKDTOT
33739;MAITO, TÄYSMAITO, RASVAA 4,4 %, EI LISÄTTY D-VITAMIINIA, HOMOGENOIMATON;FOOD;IND;100;MILKHF;MILKTOT;MILKHF;MILKDTOT
33757;TÄYSMEHU, APPELSIINITÄYSMEHU, C-VITAMIINIA 60 MG;FOOD;MASH;100;JUICE;FRUITTOT;FRUBJUIC;FRUDITOT
33758;KOKOLIHALEIKKELE, KINKKULEIKKELE, VÄHÄRASVAINEN, RASVAA 2 %;FOOD;BOIL;100;MEATCUTS;MEATTOT;MEATCUTS;MEATDTOT
33760;JOGURTTI, MAUSTETTU, A+ VILJA, RASVAA 2 %, LAKTOOSITON, D-VIT 1 UG;FOOD;IND;100;YOGHURHI;MILKTOT;YOGHURT;MILKDTOT
33790;MAITO, KEVYTMAITO, LAKTOOSITON MAITOJUOMA, VALIO EILA, D-VITAMIINIA 2 UG;FOOD;IND;100;MILKLF;MILKTOT;MILKLF;MILKDTOT
33791;MAITO, RASVATON, LAKTOOSITON MAITOJUOMA, VALIO EILA, D-VITAMIINIA 2 UG;FOOD;IND;100;MILKFF;MILKTOT;MILKFF;MILKDTOT
33792;MAITO, TÄYSMAITO, RASVAA 3 %, LAKTOOSITON MAITOJUOMA, EILA, D-VITAMIINIA 2 UG;FOOD;IND;100;MILKHF;MILKTOT;MILKHF;MILKDTOT
33845;MEETVURSTI TAI SALAMI, KEVYT RASVAA, 22 %;FOOD;IND;100;SAUSCUTS;MEATTOT;SAUSCUTS;MEATDTOT
33852;PIIMÄ, RASVATON, VALIO EILA LAKTOOSITON, D-VIT 2 UG;FOOD;IND;100;SOURMILK;MILKTOT;SMILK;MILKDTOT
33872;ÄIDINMAITO, RINTAMAITO;FOOD;X;100;MMILK;DIETTOT;INFMILK;MMILK
33882;MARGARIINI 80 %, FLORA KULTA;FOOD;IND;100;VEGFATHI;FATTOT;VEGFATHI;FATTOT
33884;MEHU, GEFILUS ANANAS-PORKKANA + KALSIUM, C- JA D-VIT, PROB, 09/12 ALKAEN;FOOD;IND;100;FBDRINK;FRUITTOT;DRJUICE;BEVTOT
33885;RAHKA, MAUSTETTU, PROFEEL PROTEIINIRAHKA, LAKTOOSITON;FOOD;IND;100;CURD;MILKTOT;CURD;MILKDTOT
33889;SUKLAA, PÄHKINÄSUKLAA, MAITOSUKLAATA JA HASSELPÄHKINÄÄ;FOOD;IND;100;CHOCOLAT;SUGARTOT;CHOCOL;SUGARTOT
33899;MAIZENA PIKASUURUSTE;FOOD;IND;100;STARCH;CERTOT;INGRMISC;MISCTOT
33900;KAURAJUOMA, OATLY SUKLAA, LISÄTTY KALSIUMIA JA VITAMIINEJA, ALKAEN 09/12;FOOD;IND;100;OATLIQ;CERTOT;VEGJUICE;VEGDITOT
33901;KAURAJUOMA, OATLY, LISÄTTY KALSIUMIA JA VITAMIINEJA, ALKAEN 09/12;FOOD;IND;100;OATLIQ;CERTOT;VEGJUICE;VEGDITOT
33907;MEHU, HERAJUOMA, GEFILUS, VL, VITAMIINEJA, PROBIOOTTEJA, 09/12 ALKAEN;FOOD;IND;100;SOURMILK;MILKTOT;DRINKOTH;BEVTOT
33908;MEHU, GEFILUS APPELSIINI-PERSIKKA + KUITU, C- JA D-VITAMIINEJA, PROB, ALK 09/12;FOOD;IND;100;FBDRINK;FRUITTOT;DRJUICE;BEVTOT
33909;MEHU, GEFILUS, C- JA D-VITAMIINEJA, PROBIOOTTEJA;FOOD;IND;100;FBDRINK;FRUITTOT;DRJUICE;BEVTOT
33910;JOGURTTI, JUOTAVA, ACTIMEL, RASVAA 1,5 %, D-VIT 0,75 UG, PROB;FOOD;IND;100;YOGHURHI;MILKTOT;YOGHURT;MILKDTOT
33911;JOGURTTI, JUOTAVA, ACTIMEL, RASVATON, KEINOT.MAK, D-VIT 0,75 UG, PROB;FOOD;IND;100;YOGHURLO;MILKTOT;YOGHURT;MILKDTOT
33924;KERMA, VALIO VAAHTOUTUVA MANSIKKA-/SUKLAAKERMA, LAKTOOSITON;FOOD;IND;100;CREAM;MILKTOT;CREAM;MILKDTOT
33925;QUORN, FILEET, KUUTIOT, ROUHE;FOOD;IND;100;MUSHRO;VEGTOT;MUSHRDI;VEGDITOT
33927;KOKOLIHALEIKKELE, KALKKUNALEIKKELE;FOOD;BOIL;100;MEATCUTS;MEATTOT;MEATCUTS;MEATDTOT
33928;OMENASOSE, SOKEROITU;FOOD;MASH;100;JAM;SUGARTOT;JAM;SUGARTOT
34079;NALLE KUITUPUUROSEOS, HIUTALE;FOOD;RAW;100;OAT;CERTOT;FLOUR;CEBAKTOT
34110;MAIZENA SUURUSTE RUSKEA/VAALEA;FOOD;IND;100;STARCH;CERTOT;INGRMISC;MISCTOT
34127;MAITO, KEVYTMAITO, VALIO PLUS, D-VITAMIINIA 2 UG;FOOD;IND;100;MILKLF;MILKTOT;MILKLF;MILKDTOT
34136;MERILEVÄ, NORI, KUIVATTU;FOOD;DRIE;100;VEGCANN;VEGTOT;VEGCANN;VEGDITOT
34137;MERILEVÄ, WAKAME, KUIVATTU;FOOD;DRIE;100;VEGCANN;VEGTOT;VEGCANN;VEGDITOT
34140;KOOKOSÖLJY;FOOD;IND;100;OIL;FATTOT;OIL;FATTOT
34159;RUKOLA, RUCOLA, SINAPPIKAALI;FOOD;RAW;100;VEGLEAF;VEGTOT;VEGFRESH;VEGDITOT
34180;BROILERI, KOIPI NAHKOINEEN, RAAKA;FOOD;RAW;100;POULTRY;MEATTOT;POULTRY;MEATDTOT
34183;NAUDANLIHA E-LAJITELMA, NAUDAN KASTIKELIHA, RAAKA;FOOD;RAW;100;BEEF;MEATTOT;MSTEAK;MEATDTOT
34184;RYPSIPORSAS, LIHASUIKALE;FOOD;RAW;100;PORK;MEATTOT;MSTEAK;MEATDTOT
34185;VILJAPORSAS, LIHASUIKALE;FOOD;RAW;100;PORK;MEATTOT;MSTEAK;MEATDTOT
34187;NAUDANFILEE, SISÄFILEE;FOOD;RAW;100;BEEF;MEATTOT;MSTEAK;MEATDTOT
34188;PORSAANFILEE, ULKOFILEE;FOOD;RAW;100;PORK;MEATTOT;MSTEAK;MEATDTOT
34189;SIANLIHA, 0-LAJITELMA, SIAN KASTIKELIHA, RAAKA;FOOD;RAW;100;PORK;MEATTOT;MSTEAK;MEATDTOT
34190;KASSLERPIHVI/-PAISTI, RAAKA;FOOD;RAW;100;PORK;MEATTOT;MSTEAK;MEATDTOT
34201;NAUDANLIHA, VÄHÄRASVAINEN, KESKIARVO;FOOD;RAW;100;BEEF;MEATTOT;MSTEAK;MEATDTOT
34228;PINAATTI, PAKASTE;FOOD;FROZ;100;VEGLEAF;VEGTOT;VEGFRESH;VEGDITOT
34229;HERNE, VIHREÄ, PAKASTE;FOOD;FROZ;100;PEABEAN;LEGUTOT;LEGUMES;LEGUTOT
34230;VILLIRUCOLA, PIKKUHIETASINAPPI;FOOD;RAW;100;VEGLEAF;VEGTOT;VEGFRESH;VEGDITOT
34231;JÄÄSALAATTI;FOOD;RAW;100;VEGLEAF;VEGTOT;VEGFRESH;VEGDITOT
34232;PUNASALAATTI, PUNASIKURI;FOOD;RAW;100;VEGLEAF;VEGTOT;VEGFRESH;VEGDITOT
34233;ROOMANSALAATTI, SIDESALAATTI;FOOD;RAW;100;VEGLEAF;VEGTOT;VEGFRESH;VEGDITOT
34234;SIPULI, PUNASIPULI;FOOD;RAW;100;VEGONI;VEGTOT;VEGFRESH;VEGDITOT
34235;VALKORETIKKA;FOOD;RAW;100;ROOT;VEGTOT;VEGFRESH;VEGDITOT
34236;HERNEENVERSO;FOOD;RAW;100;VEGLEAF;VEGTOT;VEGFRESH;VEGDITOT
34237;VUONANKAALI;FOOD;RAW;100;VEGLEAF;VEGTOT;VEGFRESH;VEGDITOT
34238;KORIANTERI, TUORE;FOOD;RAW;100;VEGLEAF;VEGTOT;VEGFRESH;VEGDITOT
34239;HAAPAROUSKU;FOOD;RAW;100;MUSHRO;VEGTOT;MUSHRDI;VEGDITOT
34240;SUPPILOVAHVERO;FOOD;RAW;100;MUSHRO;VEGTOT;MUSHRDI;VEGDITOT
34241;KARVAROUSKU;FOOD;RAW;100;MUSHRO;VEGTOT;MUSHRDI;VEGDITOT
34242;JAUHO, LEIVONTAVEHNÄJAUHO V600;FOOD;RAW;100;WHEAT;CERTOT;FLOUR;CEBAKTOT
34243;PAPU, HÄRKÄPAPU, TUORE;FOOD;RAW;100;PEABEAN;LEGUTOT;LEGUMES;LEGUTOT
34244;HERNE, SOKERIHERNE, TUORE;FOOD;RAW;100;PEABEAN;LEGUTOT;LEGUMES;LEGUTOT
34245;SEESAMINSIEMEN, VALKOINEN, KOKONAINEN, KUORITTU;FOOD;DRIE;100;NUTSEED;LEGUTOT;SNACKVEG;SNACKTOT
34246;JAUHO, TÄYSJYVÄRUISJAUHO R800;FOOD;RAW;100;RYE;CERTOT;FLOUR;CEBAKTOT
34247;JAUHO, TÄYSJYVÄRUISJAUHO R1000;FOOD;RAW;100;RYE;CERTOT;FLOUR;CEBAKTOT
34248;JAUHO, TÄYSJYVÄOHRAJAUHO;FOOD;RAW;100;BARLEY;CERTOT;FLOUR;CEBAKTOT
34249;JAUHO, ERIKOISVEHNÄJAUHO, VÄHITTÄISKAUPPA;FOOD;RAW;100;WHEAT;CERTOT;FLOUR;CEBAKTOT
34252;SIIKA, KASVATETTU;FOOD;RAW;100;FISH;FISHTOT;FISH;FISHDTOT
34253;SILLI, SÄILYKE, KIRKASLIEMINEN;FOOD;CANN;100;FISHPROD;FISHTOT;FISHPROD;FISHDTOT
34254;MERILEVÄ, KOMBU, KUIVATTU;FOOD;DRIE;100;VEGCANN;VEGTOT;VEGCANN;VEGDITOT
34255;LOHI, FILEE, KASVATETTU;FOOD;RAW;100;FISH;FISHTOT;FISH;FISHDTOT
34256;KIRJOLOHI, FILEE, KASVATETTU;FOOD;RAW;100;FISH;FISHTOT;FISH;FISHDTOT
34261;JOGURTTI, MAUSTETTU, JUGUPALA, RASVAA 2,7 %;FOOD;IND;100;YOGHURHI;MILKTOT;YOGHURT;MILKDTOT
34265;JOGURTTI, MAUSTETTU, RASVAA 2 %, VL, -30% SOKERIA, D-VIT 1 UG;FOOD;IND;100;YOGHURHI;MILKTOT;YOGHURT;MILKDTOT
34276;MEHU, MEHUJUOMA, 40 % VÄHEMMÄN SOKERIA, STEVIALLA MAKEUTETTU, VALIO GRANDI;FOOD;IND;100;FBDRINK;FRUITTOT;DRINKART;BEVTOT
34361;MANGO, KUORITTU;FOOD;RAW;100;FRUITOTH;FRUITTOT;FRUFRESH;FRUDITOT
34380;PAPU, VALKOINEN, KUIVATTU;FOOD;DRIE;100;PEABEAN;LEGUTOT;LEGUMES;LEGUTOT
34585;SKYR, MAUSTAMATON, RASVAA <0,5 %;FOOD;IND;100;CURD;MILKTOT;CURD;MILKDTOT
34586;SKYR, MAKEUTETTU SOKERILLA, RASVAA <0,5 %;FOOD;IND;100;CURD;MILKTOT;CURD;MILKDTOT
34587;SKYR, KEINOTEKOISESTI MAKEUTETTU, RASVAA <0,5 %;FOOD;IND;100;CURD;MILKTOT;CURD;MILKDTOT
34588;SKYR, KEINOTEKOISESTI MAKEUTETTU, RASVAA 2 %;FOOD;IND;100;CURD;MILKTOT;CURD;MILKDTOT
34589;SKYR, MAKEUTETTU SOKERILLA JA STEVIALLA, RASVAA <0,5 %;FOOD;IND;100;CURD;MILKTOT;CURD;MILKDTOT
34590;RAHKA, RAHKAJOGURTTI, MAUSTAMATON, RASVAA 0,9 %;FOOD;IND;100;CURD;MILKTOT;CURD;MILKDTOT
34591;RAHKA, MAUSTAMATON, KERMARAHKA, RASVAA 10 %;FOOD;IND;100;CURD;MILKTOT;CURD;MILKDTOT
34592;RAHKA, MAITORAHKA, MAUSTAMATON, RASVAA 2,3 %, VL;FOOD;IND;100;CURD;MILKTOT;CURD;MILKDTOT
34593;SKYR, MAUSTAMATON, RASVAA 4 %;FOOD;IND;100;CURD;MILKTOT;CURD;MILKDTOT
34594;RAHKA, MAUSTETTU, RASVAA 8,8 %, MINTTU-SUKLAA, VALIO, LAKTOOSITON;FOOD;IND;100;CURD;MILKTOT;CURD;MILKDTOT
34595;RAHKA, MAUSTETTU, RASVAA 7 %, VL;FOOD;IND;100;CURD;MILKTOT;CURD;MILKDTOT
34596;RAHKA, MAUSTETTU, PROFEEL PROTEIINIKERROSRAHKA, LAKTOOSITON;FOOD;IND;100;CURD;MILKTOT;CURD;MILKDTOT
34597;RAHKA, MAUSTETTU, PROFEEL PROTEIINIRAHKA, KEINOTEK. MAKEUTETTU, LAKTOOSITON;FOOD;IND;100;CURD;MILKTOT;CURD;MILKDTOT
34600;RAHKA, MAUSTETTU, RASVAA 4,5 %;FOOD;IND;100;CURD;MILKTOT;CURD;MILKDTOT
34601;RAHKA, MAUSTETTU, ARLA PROTEIN PROTEIINIRAHKA, LAKTOOSITON;FOOD;IND;100;CURD;MILKTOT;CURD;MILKDTOT
34602;RAHKA, MAITORAHKA, MAUSTAMATON, RASVAA 0,3 %, PROTEIINIA 12 %, LAKTOOSITON;FOOD;IND;100;CURD;MILKTOT;CURD;MILKDTOT
34606;JOGURTTI, JUOTAVA, RASVAA 1,7 %, VALIO PLAY, LAKTOOSITON, D-VIT 1,5 UG;FOOD;IND;100;YOGHURLO;MILKTOT;YOGHURT;MILKDTOT
34611;JOGURTTI, MAUSTAMATON, KREIKKALAINEN, RASVAA 7 %, LAKTOOSITON;FOOD;IND;100;YOGHURHI;MILKTOT;YOGHURT;MILKDTOT
34612;VÄLIPALAJUOMA, GEFILUS TEHOSHOT, RASVATON, LAKTOOSITON, D-VIT. 1,5 UG, PROB.;FOOD;IND;100;MILKFF;MILKTOT;MILKFF;MILKDTOT
34613;JOGURTTI, JUOTAVA, GEFILUS SMOOTHIE, RASVAA 1,4 %, LAKTOOSITON, D-VIT. 1,5 UG;FOOD;IND;100;YOGHURLO;MILKTOT;YOGHURT;MILKDTOT
34614;VÄLIPALAJUOMA, GEFILUS KEFIR, RASVAA 2 %, LAKTOOSITON, D-VIT 1 UG, PROBIOOTTEJA;FOOD;IND;100;YOGHURHI;MILKTOT;SMILK;MILKDTOT
34615;VÄLIPALAJUOMA, GEFILUS KEFIR, MAUSTAMATON, RASVAA 2,5 %, EILA, D-VIT 1UG , PROB.;FOOD;IND;100;YOGHURHI;MILKTOT;SMILK;MILKDTOT
34616;JOGURTTI, MAUSTETTU, RASVAA 2,7%, GEFILUS KEFIR, LAKTOOSITON, D-VIT 1 UG, PROB.;FOOD;IND;100;YOGHURHI;MILKTOT;YOGHURT;MILKDTOT
34618;JOGURTTI, JUOTAVA, RASVAA 2 %, VALIO KREIKKALAINEN, LAKTOOSITON, D-VIT 1 UG;FOOD;IND;100;YOGHURHI;MILKTOT;YOGHURT;MILKDTOT
34619;JOGURTTI, MAUSTETTU, VALIO KREIKKALAINEN, RASVAA 4,7 %, LAKTOOSITON;FOOD;IND;100;YOGHURHI;MILKTOT;YOGHURT;MILKDTOT
34620;JOGURTTI, MAUSTETTU, VALIO KREIKKALAINEN, RASVAA 6 %, LAKTOOSITON;FOOD;IND;100;YOGHURHI;MILKTOT;YOGHURT;MILKDTOT
34621;JOGURTTI, MAUSTETTU, RASVAA 3,3%, VALIO HEDELMÄINEN, LAKTOOSITON;FOOD;IND;100;YOGHURHI;MILKTOT;YOGHURT;MILKDTOT
34625;JOGURTTI, MAUSTETTU, RASVAA 2 %, -30% SOKERIA, LUOMU, LAKTOOSITON;FOOD;IND;100;YOGHURHI;MILKTOT;YOGHURT;MILKDTOT
34626;JOGURTTI, MAUSTETTU, RASVAA 2 %, -50% SOKERIA, LUOMU, LAKTOOSITON;FOOD;IND;100;YOGHURHI;MILKTOT;YOGHURT;MILKDTOT
34630;JOGURTTI, MAUSTAMATON, A+, RASVAA 2,5 %, LAKTOOSITON, D-VIT 1 UG;FOOD;IND;100;YOGHURHI;MILKTOT;YOGHURT;MILKDTOT
34631;JOGURTTI, MAUSTETTU, A+ LISÄAINEETON JOGURTTI, RASVAA 3 %, LAKTOOSITON;FOOD;IND;100;YOGHURHI;MILKTOT;YOGHURT;MILKDTOT
34634;JOGURTTI, MAUSTAMATON, A+ KREIKKALAINEN, RASVAA 2 %, LAKTOOSITON, D-VIT 0,8 UG;FOOD;IND;100;YOGHURHI;MILKTOT;YOGHURT;MILKDTOT
34635;JOGURTTI, TURKKILAINEN/KREIKKALAINEN, RASVAA 10 %, LAKTOOSITON;FOOD;IND;100;SOUCREAM;MILKTOT;YOGHURT;MILKDTOT
34636;JOGURTTI, MAUSTAMATON, RASVAA 2,5 %, LUOMU, LAKTOOSITON;FOOD;IND;100;YOGHURHI;MILKTOT;YOGHURT;MILKDTOT
34637;JOGURTTI, IHANA RAHKAISA JOGURTTI, ARLA, RASVAA 1,4%, 0,4 UG D-VIT., LAKTOOSITON;FOOD;IND;100;YOGHURHI;MILKTOT;YOGHURT;MILKDTOT
34638;JOGURTTI, MAUSTAMATON, LUOMU, RASVAA 3 %;FOOD;IND;100;YOGHURHI;MILKTOT;YOGHURT;MILKDTOT
34639;JOGURTTI, MAUSTETTU, RASVAA 2%, ARLA LUONTO+ HUNAJA, D-VIT 1UG, PROB, LAKTOOSIT.;FOOD;IND;100;YOGHURHI;MILKTOT;YOGHURT;MILKDTOT
34640;JOGURTTI, MAUSTETTU, RASVAA 2 %, ARLA LUONTO+, D-VIT 1 UG, AB, LAKTOOSITON;FOOD;IND;100;YOGHURHI;MILKTOT;YOGHURT;MILKDTOT
34641;JOGURTTI, MAUSTETTU, RASVAA 1,9%, ARLA LUONTO+, 0,8UG D-VIT., PROB., LAKTOOSITON;FOOD;IND;100;YOGHURHI;MILKTOT;YOGHURT;MILKDTOT
34644;JOGURTTI, MAUSTETTU, LUONTO+, RASVATON, D-VIT 1 UG, AB, LAKTOOSITON;FOOD;IND;100;YOGHURLO;MILKTOT;YOGHURT;MILKDTOT
34646;JOGURTTI, MAUSTETTU, ARLA PROTEIN, RASVAA 1 %, LAKTOOSITON;FOOD;IND;100;YOGHURLO;MILKTOT;YOGHURT;MILKDTOT
34648;JOGURTTI, MAUSTETTU, ARLA PROTEIN JOGURTTIKOMBO, RASVAA N. 4 %, LAKTOOSITON;FOOD;IND;100;YOGHURHI;MILKTOT;YOGHURT;MILKDTOT
34649;RAHKA, MAUSTETTU, RASVATON, KEINOTEKOISESTI MAKEUTETTU, LAKTOOSITON;FOOD;IND;100;CURD;MILKTOT;CURD;MILKDTOT
34650;JOGURTTI, JUOTAVA, RASVATON, KEINOTEKOISESTI MAKEUTETTU;FOOD;IND;100;YOGHURLO;MILKTOT;YOGHURT;MILKDTOT
34651;KANANMUNA, KUORETON, LUOMU;FOOD;RAW;100;EGG;EGGTOT;EGGS;EGGDISH
34652;JOGURTTI, MAUSTETTU, ACTIVIA KEVYT, RASVATON, OSITTAIN KEINOT. MAKEUTETTU, PROB.;FOOD;IND;100;YOGHURLO;MILKTOT;YOGHURT;MILKDTOT
34653;JOGURTTI, JUOTAVA, DANUP DRINK, RASVAA 0,8%;FOOD;IND;100;YOGHURLO;MILKTOT;YOGHURT;MILKDTOT
34654;RAHKA, MAUSTETTU, RASVAA 4 %;FOOD;IND;100;CURD;MILKTOT;CURD;MILKDTOT
34655;RAHKA, MAUSTETTU, RASVATON, PROTEIINIRAHKA, VL;FOOD;IND;100;CURD;MILKTOT;CURD;MILKDTOT
34656;JOGURTTI, MAUSTAMATON, RASVAA 4 %, LAKTOOSITON, PROBIOOTTEJA;FOOD;IND;100;YOGHURHI;MILKTOT;YOGHURT;MILKDTOT
34657;JOGURTTI, MAUSTETTU, RASVAA 2 %, LAKTOOSITON;FOOD;IND;100;YOGHURHI;MILKTOT;YOGHURT;MILKDTOT
34658;JOGURTTI, MAUSTETTU, RASVAA 3,5 %, PROBIOOTTEJA;FOOD;IND;100;YOGHURHI;MILKTOT;YOGHURT;MILKDTOT
34659;JOGURTTI, MAUSTETTU, RASVAA 2 %, AB, VL;FOOD;IND;100;YOGHURHI;MILKTOT;YOGHURT;MILKDTOT
34668;SIEMENSEKOITUS;FOOD;MIX;100;NUTSEED;LEGUTOT;SNACKVEG;SNACKTOT
34679;JOGURTTI, MAUSTETTU, RASVATON, VL, D-VIT 1 UG;FOOD;IND;100;YOGHURLO;MILKTOT;YOGHURT;MILKDTOT
34680;PASSIONHEDELMÄ;FOOD;RAW;100;FRUITOTH;FRUITTOT;FRUFRESH;FRUDITOT
34688;KOOKOSVESI, MAKEUTTAMATON;FOOD;IND;100;LEGULIQ;LEGUTOT;VEGJUICE;VEGDITOT
34694;PAPAIJA, KUORITTU;FOOD;RAW;100;FRUITOTH;FRUITTOT;FRUFRESH;FRUDITOT
34713;MAKARONI, TÄYSJYVÄ;FOOD;RAW;100;WHEAT;CERTOT;PASTAADD;CEBAKTOT
34716;MAITO, TÄYSMAITO, RASVAA 3 %, LAKTOOSITON MAITOJUOMA, EI LISÄTTY D-VITAMIINIA;FOOD;IND;100;MILKHF;MILKTOT;MILKHF;MILKDTOT
34738;MANTELIJUOMA, MAKEUTTAMATON, ALPRO;FOOD;IND;100;LEGULIQ;LEGUTOT;VEGJUICE;VEGDITOT
34743;PAPU, HÄRKÄPAPU, KUIVATTU, HÄRKÄPAPUROUHE;FOOD;DRIE;100;LEGUPROD;LEGUTOT;LEGUPROD;LEGUTOT
34752;TUOREJUUSTO, MASCARPONE, RASVAA 38 %;FOOD;IND;100;CHEEUNHI;MILKTOT;CHEESUNC;MILKDTOT
34762;TUOREJUUSTO, RASVAA 15 %, MAUSTAMATON, LAKTOOSITON;FOOD;IND;100;CHEEUNLO;MILKTOT;CHEESUNC;MILKDTOT
34764;TUOREJUUSTO, RASVAA 25 %, MAUSTAMATON, LAKTOOSITON;FOOD;IND;100;CHEEUNHI;MILKTOT;CHEESUNC;MILKDTOT
34765;TUOREJUUSTO, RASVAA 20 %, MAUSTAMATON;FOOD;IND;100;CHEEUNHI;MILKTOT;CHEESUNC;MILKDTOT
34786;JOGURTTI, JUOTAVA, BENECOL TEHOJUOMA AURINKOINEN, RASVAA 2,1 %, KASVISTANOLEJA;FOOD;IND;100;YOGHURHI;MILKTOT;YOGHURT;MILKDTOT
34790;JOGURTTI, JUOTAVA, BENECOL TEHOJUOMA, RASVAA 2,1 %, KASVISTANOLEJA;FOOD;IND;100;YOGHURHI;MILKTOT;YOGHURT;MILKDTOT
34794;SOIJAVÄLIPALA, JUOTAVA, BENECOL TEHOJUOMA, RASVAA 2,9 %, KASVISTANOLIA;FOOD;IND;100;LEGULIQ;LEGUTOT;YOGHURT;MILKDTOT
34797;MAKEINEN, SALMIAKKIPASTILLI, SOKERITON;FOOD;IND;100;SWEET;SUGARTOT;SWEET;SUGARTOT
34802;MAKEUTUSAINE, HERMESETAS GOLD, SAKARIINIA, ASPARTAAMIA JA SYKLAMAATTIA;FOOD;IND;100;SWEAGE;INGRTOT;INGRMISC;MISCTOT
34805;MAKEUTUSAINE, HERMESETAS LIQUID, SAKARIINI JA SYKLAMAATTI, NESTEMÄINEN;FOOD;IND;100;SWEAGE;INGRTOT;INGRMISC;MISCTOT
34831;SUKLAAKONVEHTI, SUKLAATÄYTE;FOOD;IND;100;CHOCOLAT;SUGARTOT;CHOCOL;SUGARTOT
34835;TÄYSMEHU, PUOLUKKATÄYSMEHU;FOOD;BOIL;100;JUICE;FRUITTOT;FRUBJUIC;FRUDITOT
34839;SOIJAJUOMA, ALPRO SOYA VANILLA, KALSIUMIA JA VITAMIINEJA;FOOD;IND;100;LEGULIQ;LEGUTOT;VEGJUICE;VEGDITOT
34841;JUUSTO, POLAR 15 % RASVAA, VÄHEMMÄN SUOLAA, VALIO;FOOD;IND;100;CHEECULO;MILKTOT;CHEESCUR;MILKDTOT
34844;MANTELIJUOMA, MAKEUTETTU, ALPRO;FOOD;IND;100;LEGULIQ;LEGUTOT;VEGJUICE;VEGDITOT
34845;KOOKOSJUOMA, KOOKOSPÄHKINÄJUOMA, VITAMINOITU, ALPRO;FOOD;IND;100;LEGULIQ;LEGUTOT;VEGJUICE;VEGDITOT
34846;HASSELPÄHKINÄJUOMA, VITAMINOITU, ALPRO;FOOD;IND;100;LEGULIQ;LEGUTOT;VEGJUICE;VEGDITOT
34847;CHIANSIEMEN;FOOD;DRIE;100;NUTSEED;LEGUTOT;SNACKVEG;SNACKTOT
34848;KILOHAILI, TUORE;FOOD;RAW;100;FISH;FISHTOT;FISH;FISHDTOT
34862;MAITO, RASVATON, VALIO PROFEEL VOIMAMAITOJUOMA, D-VITAMIINIA 1 UG, LAKTOOSITON;FOOD;IND;100;MILKFF;MILKTOT;MILKFF;MILKDTOT
34872;PÄHKINÄSEKOITUS, SUOLATON, PAAHDETTU;FOOD;ROAS;100;NUTSEED;LEGUTOT;SNACKVEG;SNACKTOT
34876;KAURAJUOMA, OATLY IKAFFE, LISÄTTY KALSIUMIA JA VITAMIINEJA;FOOD;IND;100;OATLIQ;CERTOT;VEGJUICE;VEGDITOT
34893;HÄRKIS, HÄRKÄPAPUVALMISTE;FOOD;IND;100;LEGUPROD;LEGUTOT;LEGUPROD;LEGUTOT
34902;MIFU, PAISTETTAVA RUOKARAE, LAKTOOSITON;FOOD;IND;100;CHEEUNLO;MILKTOT;CHEESUNC;MILKDTOT
34905;RIISI-OHRASEOS;FOOD;MIX;100;RICE;CERTOT;RICEADD;CEBAKTOT
34907;RIISI-RUISSEOS;FOOD;MIX;100;RICE;CERTOT;RICEADD;CEBAKTOT
34909;NYHTÖKAURA, MAUSTAMATON, NUDE;FOOD;IND;100;LEGUPROD;LEGUTOT;LEGUPROD;LEGUTOT
34914;RASVASEOS 60 %, BENECOL VOI & RYPSI;FOOD;IND;100;VEGFATHI;FATTOT;BUTTEHIG;FATTOT
34918;RASVASEOSLEVITE 70 %, BECEL VOI & KASVIÖLJYT;FOOD;IND;100;BUTTHIGH;FATTOT;BUTTEHIG;FATTOT
34924;RASVASEOSLEVITE 70 %, FLORA & VOI NORMAALISUOLAINEN;FOOD;IND;100;BUTTHIGH;FATTOT;BUTTEHIG;FATTOT
34927;KASVIRASVALEVITE 39 %, LÄTTA ORIGINAL;FOOD;IND;100;VEGFATLO;FATTOT;VEGFATLO;FATTOT
34932;RASVASEOSLEVITE 70 %, CREME BONJOUR VOI & RYPSIÖLJY, NORMAALISUOLAINEN;FOOD;IND;100;BUTTHIGH;FATTOT;BUTTEHIG;FATTOT
34942;KASVIRASVALEVITE 75 %, KEIJU RYPSI;FOOD;IND;100;VEGFATHI;FATTOT;VEGFATHI;FATTOT
34944;KASVIRASVALEVITE 55 %, KEIJU RYPSI;FOOD;IND;100;VEGFATHI;FATTOT;VEGFATHI;FATTOT
34948;MARGARIINI 60 %, KEIJU ALENTAJA;FOOD;IND;100;VEGFATHI;FATTOT;VEGFATHI;FATTOT
34964;RASVASEOSLEVITE 75 %, INGMARIINI, NORMAALISUOLAINEN, LAKTOOSITON;FOOD;IND;100;BUTTHIGH;FATTOT;BUTTEHIG;FATTOT
34966;RASVASEOSLEVITE 72 %, OIVARIINI, PEHMEÄSTI LEVITTYVÄ, VL;FOOD;IND;100;BUTTHIGH;FATTOT;BUTTEHIG;FATTOT
34971;KAURAKUITUNEN, KAURAROUHE;FOOD;RAW;100;OAT;CERTOT;FLOUR;CEBAKTOT
34972;OLIIVI, KESKIARVO, KIVETÖN, SUOLALIEMESSÄ, VIHREÄ;FOOD;CANN;100;FRUITOTH;FRUITTOT;VEGCANN;VEGDITOT
34974;SOIJAVÄLIPALA, ALPRO GO ON, HAPATETTU, MAUSTAMATON, RASVAA 3,6 %;FOOD;IND;100;SOYAPROD;LEGUTOT;YOGHURT;MILKDTOT
34975;SOIJAVÄLIPALA, ALPRO GO ON, HAPATETTU, MAUSTETTU, RASVAA 2,9 %;FOOD;IND;100;SOYAPROD;LEGUTOT;YOGHURT;MILKDTOT
34980;JUUSTO, POLAR, 20 % RASVAA, VALIO;FOOD;IND;100;CHEECUHI;MILKTOT;CHEESCUR;MILKDTOT
34983;HERAPROTEIINIKONSENTRAATTI;FOOD;DRIE;100;MILKINGR;MILKTOT;INGRMISC;MISCTOT
34984;KAAKAOJUOMA, VALIO PLAY MAITOKAAKAOJUOMA, LAKTOOSITON;FOOD;IND;100;MILKLF;MILKTOT;MILKFF;MILKDTOT
34985;KAHVIJUOMA, KYLMÄ, MAITOKAHVIJUOMA, D-VITAMIINIA, LAKTOOSITON;FOOD;IND;100;MILKFF;MILKTOT;MILKLF;MILKDTOT
34986;KAHVIJUOMA, KYLMÄ, MAITOKAHVIJUOMA, RASVAA 1,8 %, LAKTOOSITON;FOOD;IND;100;MILKLF;MILKTOT;MILKLF;MILKDTOT
34988;KIVENNÄISVESI, MEHU-KIVENNÄISVESI;FOOD;IND;100;SDRINK;BEVTOT;DRINKSO;BEVTOT
34989;VITAMIINIVESI, VITAMIN WELL, FRUKTOOSIA;FOOD;IND;100;SDRINK;BEVTOT;DRINKSO;BEVTOT
34990;ATERIANKORVIKE, HERAPROTEIINIJAUHE, 74 % PROTEIINIA;FOOD;IND;100;SPORTFOO;DIETTOT;SPORTFOO;SPECTOT
34991;ATERIANKORVIKE, HERAPROTEIINIJAUHE, 85 % PROTEIINIA;FOOD;IND;100;MEALREP;DIETTOT;MEALREP;SPECTOT
34992;ATERIANKORVIKE, PROTEIINIPATUKKA, KESKIARVO, N. 20 % PROTEIINIA;FOOD;IND;100;MEALREP;DIETTOT;MEALREP;SPECTOT
34996;ATERIANKORVIKE, SOIJAPROTEIINIJAUHE, N. 80 % PROTEIINIA;FOOD;IND;100;SPORTFOO;DIETTOT;SPORTFOO;SPECTOT
34997;ATERIANKORVIKE, HERAPROTEIINIJAUHE, N. 90 % PROTEIINIA;FOOD;IND;100;MEALREP;DIETTOT;MEALREP;SPECTOT
34998;PROFEEL PROTEIINIJUOMA, SOKEROIMATON, VALIO, D-VITAMIINIA 1 UG;FOOD;IND;100;MILKLF;MILKTOT;MILKLF;MILKDTOT
34999;URHEILUJUOMA, PALAUTUSJUOMA, GAINOMAX;FOOD;IND;100;DRSPORT;BEVTOT;DRSPORT;BEVTOT
35000;URHEILUJUOMA, PROTEIINIJUOMA, PROTEIN SHAKE, FAST;FOOD;IND;100;DRSPORT;BEVTOT;DRSPORT;BEVTOT
35001;VOI, LAKTOOSITON, VÄHÄSUOLAINEN;FOOD;IND;100;BUTTER;FATTOT;BUTTER;FATTOT
35002;URHEILUJUOMA, PROTEIINIJUOMA, PROTEIN SMOOTHIE, FAST;FOOD;IND;100;DRSPORT;BEVTOT;DRSPORT;BEVTOT
35003;ATERIANKORVIKE, HERAPROTEIINIVÄLIPALAJAUHE, PROFEEL, 44 % PROTEIINIA;FOOD;IND;100;MEALREP;DIETTOT;MEALREP;SPECTOT
35004;URHEILUJUOMA, PROTEIINIJUOMA, RASVAA 1,6 %;FOOD;IND;100;DRSPORT;BEVTOT;DRSPORT;BEVTOT
35005;VÄLIPALAPATUKKA, RAAKAPATUKKA, BARE BAR, VILJATON;FOOD;IND;100;FRUITOTH;FRUITTOT;SNACKVEG;SNACKTOT
35006;KASVIÖLJYVALMISTE, JUOKSEVA, 70 %, KESKIARVO;FOOD;IND;100;FATCOOK;FATTOT;FATCOOK;FATTOT
35007;ATERIANKORVIKE, PROTEIINIPATUKKA, 30 % PROTEIINIA, KUITUA, SOFT BAR;FOOD;IND;100;SPORTFOO;DIETTOT;SPORTFOO;SPECTOT
35008;MARGARIINI 60 %, RAINBOW/PIRKKA/X-TRA, LAKTOOSITON;FOOD;IND;100;VEGFATHI;FATTOT;VEGFATHI;FATTOT
35009;MARGARIINI 60 %, PIRKKA, SUOLAINEN;FOOD;IND;100;VEGFATHI;FATTOT;VEGFATHI;FATTOT
35011;ATERIANKORVIKE, ENERGIAPATUKKA, VITAMINOITU, KESKIARVO;FOOD;IND;100;SPORTFOO;DIETTOT;MEALREP;SPECTOT
35012;ATERIANKORVIKE, PROTEIINIPATUKKA, KESKIARVO, N. 40 % PROTEIINIA;FOOD;IND;100;MEALREP;DIETTOT;MEALREP;SPECTOT
35013;ATERIANKORVIKE, HERAPROTEIINIJAUHE, N. 40 % PROTEIINIA;FOOD;IND;100;SPORTFOO;DIETTOT;MEALREP;SPECTOT
35091;TEE, INKIVÄÄRIJUOMA, INKIVÄÄRITEE, KOTITEKOINEN;FOOD;BOIL;100;TEA;BEVTOT;TEA;BEVTOT
35102;AROMIRUISMALLAS, VAALEA MALLAS;FOOD;DRIE;100;INGRMIS;INGRTOT;INGRMISC;MISCTOT
35131;KIVENNÄISVESI, NOVELLE PLUS, MULTI B + C, FRUKTOOSIA, HARTWALL;FOOD;IND;100;SDRINK;BEVTOT;DRINKSO;BEVTOT
35134;KIVENNÄISVESI, NOVELLE PLUS, C- JA E-VITAMIINIA, SOKERIA, HARTWALL;FOOD;IND;100;SDRINK;BEVTOT;DRINKSO;BEVTOT
35136;KIVENNÄISVESI, NOVELLE PLUS, KROMI JA SINKKI, SOKERIA, HARTWALL;FOOD;IND;100;SDRINK;BEVTOT;DRINKSO;BEVTOT
35142;JÄÄTELÖ, ELOVENA VÄLIPALAJÄÄTELÖ;FOOD;IND;100;ICECREAM;MILKTOT;ICECREAM;MILKDTOT
35146;NELJÄN VILJAN HIUTALE, GLUTEENITON;FOOD;RAW;100;OAT;CERTOT;FLOUR;CEBAKTOT
35171;RAHKA, MAUSTAMATON, KERMARAHKA, RASVAA 4,3 %;FOOD;IND;100;CURD;MILKTOT;CURD;MILKDTOT
35177;PIIMÄ, GEFILUS MUSTIKKA/MANGOPIIMÄ, VL, D-VIT 1 UG;FOOD;IND;100;SOURMILK;MILKTOT;SMILK;MILKDTOT
35188;HÄRKISPIHVI, KYPSÄ HÄRKÄPAPUPIHVI, VERSO FOOD;FOOD;IND;100;LEGUPROD;LEGUTOT;LEGUDISH;LEGUTOT
35190;KAURAVALMISTE, HAPATETTU, MAUSTAMATON, YOSA GREEK STYLE, PROBIOOTTEJA;FOOD;IND;100;OAT;CERTOT;YOGHURT;MILKDTOT
35193;KAURAVALMISTE, HAPATETTU, MAUSTETTU, YOSA SPORT, KESKIARVO, PROBIOOTTEJA;FOOD;IND;100;OAT;CERTOT;YOGHURT;MILKDTOT
35195;CASHEWPÄHKINÄJUOMA, MAKEUTTAMATON, GOGREEN;FOOD;IND;100;LEGULIQ;LEGUTOT;VEGJUICE;VEGDITOT
35196;MEHU, MEHUJUOMA, VALIO HÖRPPY;FOOD;IND;100;FBDRINK;FRUITTOT;DRJUICE;BEVTOT
35198;VIRKISTYSJUOMA, VITAMINOITU, KEINOTEKOISESTI MAKEUTETTU, CELSIUS;FOOD;IND;100;DRINKART;BEVTOT;DRINKART;BEVTOT
35199;KASVISLEVITE, RASVAA 20 %, OATLY PÅMACKAN;FOOD;IND;100;VEGCHEES;MILKTOT;CHEESUNC;MILKDTOT
35200;ATERIANKORVIKE, PROTEIINIVÄLIPALA, KAURA PRO;FOOD;IND;100;MEALREP;DIETTOT;MEALREP;SPECTOT
35203;RASVASEOSLEVITE 70 %, KEIJU JUHLA;FOOD;IND;100;BUTTHIGH;FATTOT;BUTTEHIG;FATTOT
35212;SOKERI, STEVIASOKERI;FOOD;IND;100;SUGARSYR;SUGARTOT;SUGADD;SUGARTOT
35220;HAMPUNSIEMEN, KUORITTU;FOOD;RAW;100;NUTSEED;LEGUTOT;SNACKVEG;SNACKTOT
35221;UNIKONSIEMEN, KOKONAINEN;FOOD;DRIE;100;NUTSEED;LEGUTOT;SNACKVEG;SNACKTOT
35277;MAKEUTUSAINE, SYKLAMAATTI, MAKONEN;FOOD;IND;100;SWEAGE;INGRTOT;INGRMISC;MISCTOT
35280;MAKEUTUSAINE, RAINBOW, ASPARTAAMI JA ASESULFAAMI-K, PURISTE;FOOD;IND;100;SWEAGE;INGRTOT;INGRMISC;MISCTOT
35302;MAKEUTUSAINE, CANDEREL, ASPARTAAMI JA ASESULFAAMI-K, JAUHE;FOOD;IND;100;SWEAGE;INGRTOT;INGRMISC;MISCTOT
35315;RIISI-KVINOA-MONIVILJASEOS;FOOD;RAW;100;RICE;CERTOT;RICEADD;CEBAKTOT
35475;KAHVI, ESPRESSOKAHVIJUOMA;FOOD;BOIL;100;COFFEE;BEVTOT;COFFEE;BEVTOT
35481;KARPPISOKERI, ERYTRITOLI;FOOD;IND;100;SWEAGE;INGRTOT;INGRMISC;MISCTOT
35492;ATERIANKORVIKE, KEITTOJAUHE, CAMBRIDGE;FOOD;IND;100;MEALREP;DIETTOT;MEALREP;SPECTOT
35495;ATERIANKORVIKE, SPAGHETTI BOLOGNESE, JAUHE, CAMBRIDGE;FOOD;DRIE;100;MEALREP;DIETTOT;MEALREP;SPECTOT
35497;ATERIANKORVIKE, PROTEIINIPATUKKA, CRANBERRY CRUNCH, CAMBRIDGE;FOOD;IND;100;MEALREP;DIETTOT;MEALREP;SPECTOT
35503;PORONLIHA, KUIVATTU;FOOD;DRIE;100;GAME;MEATTOT;MEATPROD;MEATDTOT
35505;NAUDANPAISTI, KUIVATTU;FOOD;DRIE;100;BEEF;MEATTOT;MEATPROD;MEATDTOT
35506;LIHA, KUIVATTU, KESKIARVO;FOOD;MIX;100;BEEF;MEATTOT;MEATPROD;MEATDTOT
35513;PELLAVANSIEMENROUHE, PAAHDETTU, VALO24;FOOD;DRIE;100;NUTSEED;LEGUTOT;SNACKVEG;SNACKTOT
35555;RUOKASUOLA, KESKIARVO, JODIOITU 50% JA JODIOIMATON 50%;FOOD;IND;100;SALT;INGRTOT;SPICES;MISCTOT
35565;PAISTOÖLJY UPPO- JA PINTAPAISTOON, KULTASULA PAISTOÖLJY;FOOD;X;100;FATCOOK;FATTOT;FATCOOK;FATTOT
35566;KAKKU- JA TAIKINAMARGARIINI RAISA 5;FOOD;X;100;FATCOOK;FATTOT;FATCOOK;FATTOT
35580;KARPALO, KUIVATTU, KARPALOJAUHE;FOOD;DRIE;100;BERRY;FRUITTOT;SNACKVEG;SNACKTOT
35581;KANGASTATTI;FOOD;RAW;100;MUSHRO;VEGTOT;MUSHRDI;VEGDITOT
35582;LAMPAANKÄÄPÄ;FOOD;RAW;100;MUSHRO;VEGTOT;MUSHRDI;VEGDITOT
35583;PUNIKKITATTI;FOOD;RAW;100;MUSHRO;VEGTOT;MUSHRDI;VEGDITOT
35584;KUUSENKERKKÄ;FOOD;RAW;100;VEGLEAF;VEGTOT;VEGFRESH;VEGDITOT
35585;MAITOHORSMA, VERSO;FOOD;RAW;100;VEGLEAF;VEGTOT;VEGFRESH;VEGDITOT
35586;VOIKUKKA, LEHTI, VOIKUKAN LEHTI;FOOD;RAW;100;VEGLEAF;VEGTOT;VEGFRESH;VEGDITOT
35587;VOIKUKKA, NUPPU, VOIKUKAN NUPPU;FOOD;RAW;100;VEGLEAF;VEGTOT;VEGFRESH;VEGDITOT
35588;VUOHENPUTKI, LEHTI;FOOD;RAW;100;VEGLEAF;VEGTOT;VEGFRESH;VEGDITOT
35589;MUSTAHERUKKA, LEHTI, MUSTAHERUKAN LEHTI;FOOD;RAW;100;VEGLEAF;VEGTOT;VEGFRESH;VEGDITOT
35591;JUOLUKKA;FOOD;RAW;100;BERRY;FRUITTOT;BERFRESH;FRUDITOT
35592;MARJA-ARONIA;FOOD;RAW;100;BERRY;FRUITTOT;BERFRESH;FRUDITOT
35593;MARJA-ARONIA, KUIVATTU, MARJA-ARONIAJAUHE;FOOD;DRIE;100;BERRY;FRUITTOT;SNACKVEG;SNACKTOT
35594;MUSTAHERUKANLEHTIUUTE, ALKOHOLITON KASVIGLYSERIINIUUTE, GROSELLERO;FOOD;IND;100;HERBSUP;DIETTOT;SPECSUPP;SPECTOT
35595;MUSTAHERUKKA, KUIVATTU, MUSTAHERUKKAJAUHE;FOOD;DRIE;100;BERRY;FRUITTOT;SNACKVEG;SNACKTOT
35596;MUSTIKKA, PENSASMUSTIKKA;FOOD;RAW;100;BERRY;FRUITTOT;BERFRESH;FRUDITOT
35597;PIHLAJANMARJA, KUIVATTU, PIHLAJANMARJAJAUHE;FOOD;DRIE;100;BERRY;FRUITTOT;SNACKVEG;SNACKTOT
35598;TÄYSMEHU, PIHLAJANMARJATÄYSMEHU;FOOD;BOIL;100;JUICE;FRUITTOT;FRUBJUIC;FRUDITOT
35599;PUOLUKKA, KUIVATTU, PUOLUKKAJAUHE;FOOD;DRIE;100;BERRY;FRUITTOT;SNACKVEG;SNACKTOT
35600;TYRNIMARJA, KUIVATTU, TYRNIMARJAJAUHE;FOOD;DRIE;100;BERRY;FRUITTOT;SNACKVEG;SNACKTOT
35601;TÄYSMEHU, TYRNITÄYSMEHU;FOOD;BOIL;100;JUICE;FRUITTOT;FRUBJUIC;FRUDITOT
35602;VARIKSENMARJA;FOOD;RAW;100;BERRY;FRUITTOT;BERFRESH;FRUDITOT
35603;RASVASEOS 80 %, OIVARIINI JUOKSEVA, LAKTOOSITON;FOOD;IND;100;FATCOOK;FATTOT;FATCOOK;FATTOT
35605;VOIKUKKA, NUPPU JA LEHTI, KESKIARVO;FOOD;RAW;100;VEGLEAF;VEGTOT;VEGFRESH;VEGDITOT
35606;VÄINÖNPUTKI;FOOD;RAW;100;VEGLEAF;VEGTOT;VEGFRESH;VEGDITOT
35607;SIANKÄRSÄMÖ;FOOD;RAW;100;VEGLEAF;VEGTOT;VEGFRESH;VEGDITOT
35608;MUSTATORVISIENI, KUIVATTU;FOOD;DRIE;100;MUSHRO;VEGTOT;MUSHRDI;VEGDITOT
35611;MÄNNYNHERKKUTATTI, PAKASTE;FOOD;FROZ;100;MUSHRO;VEGTOT;MUSHRDI;VEGDITOT
35615;KATAJANMARJA;FOOD;RAW;100;BERRY;FRUITTOT;SPICES;MISCTOT
35616;NOKKONEN, LEHTI, KUIVATTU;FOOD;DRIE;100;VEGLEAF;VEGTOT;SPICES;MISCTOT
35619;TOFU, KOVA/KIINTEÄ, SOIJAVALMISTE;FOOD;IND;100;SOYAPROD;LEGUTOT;LEGUPROD;LEGUTOT
35623;PAPU, HÄRKÄPAPU, KUIVATTU, KEITETTY ILMAN SUOLAA;FOOD;BOIL;100;PEABEAN;LEGUTOT;LEGUMES;LEGUTOT
35628;ELOVENA MURU KAURAJAUHIS;FOOD;IND;100;OAT;CERTOT;LEGUPROD;LEGUTOT
35632;KAURAVALMISTE, HAPATETTU,ODDLYGOOD KAURAPOHJAINEN GURTTI, MAUSTETTU, VITAMINOITU;FOOD;IND;100;OAT;CERTOT;YOGHURT;MILKDTOT
35633;KAURAVALMISTE, HAPATETTU, ODDLYGOOD KAURAPOHJAINEN GURTTI, MAUSTAMATON, VITAMIN.;FOOD;IND;100;OAT;CERTOT;YOGHURT;MILKDTOT
35634;KAURAVALMISTE, HAPATETTU, OATLY HAVREGURT, MAUSTAMATON, VITAMINOITU;FOOD;IND;100;OAT;CERTOT;YOGHURT;MILKDTOT
35635;PAPU, MUSTA, MUSTAPAPU, KUIVATTU;FOOD;DRIE;100;PEABEAN;LEGUTOT;LEGUMES;LEGUTOT
35636;KAURAVALMISTE, HAPATETTU, OATLY HAVREGURT, MAUSTETTU, VITAMINOITU;FOOD;IND;100;OAT;CERTOT;YOGHURT;MILKDTOT
35638;PAPU, MUSTA, MUSTAPAPU, SUOLALIEMESSÄ, SÄILYKE;FOOD;CANN;100;PEABEAN;LEGUTOT;LEGUMES;LEGUTOT
